Order_ID,Date,Customer,Product,Category,Quantity,Unit_Price,Total
1001,2026-04-13,Customer_436,Notebook,Stationery,1,8.15,8.15
1002,2026-05-02,Customer_467,Desk,Furniture,3,247.96,743.88
1003,2026-04-27,Customer_100,Notebook,Stationery,4,8.24,32.96
1004,2026-02-22,Customer_344,Office Chair,Furniture,2,168.55,337.1
1005,2026-01-21,Customer_161,Backpack,Accessories,2,40.56,81.12
1006,2026-03-30,Customer_561,Backpack,Accessories,4,43.13,172.52
1007,2026-01-15,Customer_190,Headphones,Electronics,4,80.23,320.92
1008,2026-03-05,Customer_505,Headphones,Electronics,1,81.72,81.72
1009,2026-01-21,Customer_167,Phone,Electronics,4,598.64,2394.56
1010,2026-01-14,Customer_242,Backpack,Accessories,1,40.64,40.64
1011,2026-05-10,Customer_340,Desk,Furniture,4,249.76,999.04
1012,2026-06-24,Customer_035,Laptop,Electronics,4,795.98,3183.92
1013,2026-05-12,Customer_002,Office Chair,Furniture,2,181.68,363.36
1014,2026-02-23,Customer_477,Phone,Electronics,2,544.47,1088.94
1015,2026-01-14,Customer_271,Notebook,Stationery,2,7.51,15.02
1016,2026-02-09,Customer_338,Keyboard,Electronics,4,43.71,174.84
1017,2026-05-04,Customer_493,Pen,Stationery,1,3.18,3.18
1018,2026-03-06,Customer_521,Notebook,Stationery,1,7.52,7.52
1019,2026-03-04,Customer_139,Headphones,Electronics,1,83.38,83.38
1020,2026-06-12,Customer_289,Keyboard,Electronics,2,43.73,87.46
1021,2026-02-10,Customer_028,Desk,Furniture,1,256.16,256.16
1022,2026-06-11,Customer_033,Desk,Furniture,3,258.44,775.32
1023,2026-02-06,Customer_099,Notebook,Stationery,2,8.62,17.24
1024,2026-04-11,Customer_462,Headphones,Electronics,1,83.55,83.55
1025,2026-05-22,Customer_393,Backpack,Accessories,2,44.45,88.9
1026,2026-06-28,Customer_575,Desk,Furniture,1,240.72,240.72
1027,2026-04-06,Customer_485,Desk,Furniture,3,245.52,736.56
1028,2026-06-20,Customer_541,Mouse,Electronics,1,22.88,22.88
1029,2026-03-27,Customer_578,Backpack,Accessories,1,43.16,43.16
1030,2026-05-14,Customer_028,Mouse,Electronics,2,26.92,53.84
1031,2026-05-08,Customer_506,Desk,Furniture,4,242.81,971.24
1032,2026-05-09,Customer_377,Pen,Stationery,4,2.91,11.64
1033,2026-01-03,Customer_359,Office Chair,Furniture,4,181.23,724.92
1034,2026-03-03,Customer_677,Laptop,Electronics,3,810.8,2432.4
1035,2026-06-01,Customer_374,Notebook,Stationery,1,7.85,7.85
1036,2026-03-03,Customer_497,Backpack,Accessories,4,42.72,170.88
1037,2026-02-08,Customer_386,Headphones,Electronics,1,74.37,74.37
1038,2026-03-22,Customer_699,Laptop,Electronics,2,850.46,1700.92
1039,2026-02-23,Customer_225,Laptop,Electronics,3,880.72,2642.16
1040,2026-02-22,Customer_684,Backpack,Accessories,4,45.48,181.92
1041,2026-03-09,Customer_439,Notebook,Stationery,3,7.59,22.77
1042,2026-02-07,Customer_280,Keyboard,Electronics,4,49.35,197.4
1043,2026-05-19,Customer_511,Laptop,Electronics,1,819.53,819.53
1044,2026-03-11,Customer_464,Headphones,Electronics,4,77.22,308.88
1045,2026-06-13,Customer_403,Backpack,Accessories,3,47.79,143.37
1046,2026-05-28,Customer_489,Laptop,Electronics,4,830.75,3323.0
1047,2026-03-23,Customer_641,Pen,Stationery,1,2.83,2.83
1048,2026-06-08,Customer_298,Headphones,Electronics,3,82.56,247.68
1049,2026-03-31,Customer_624,Pen,Stationery,4,3.02,12.08
1050,2026-01-02,Customer_304,Keyboard,Electronics,1,48.44,48.44
1051,2026-01-09,Customer_233,Headphones,Electronics,3,83.62,250.86
1052,2026-05-11,Customer_404,Notebook,Stationery,2,8.45,16.9
1053,2026-06-01,Customer_628,Laptop,Electronics,4,898.51,3594.04
1054,2026-04-14,Customer_254,Headphones,Electronics,4,73.62,294.48
1055,2026-04-09,Customer_153,Phone,Electronics,4,528.59,2114.36
1056,2026-02-23,Customer_163,Pen,Stationery,4,3.13,12.52
1057,2026-02-02,Customer_398,Keyboard,Electronics,4,47.22,188.88
1058,2026-05-08,Customer_392,Desk,Furniture,3,257.88,773.64
1059,2026-02-02,Customer_688,Headphones,Electronics,2,76.24,152.48
1060,2026-06-07,Customer_038,Office Chair,Furniture,1,179.52,179.52
1061,2026-01-08,Customer_283,Phone,Electronics,1,550.29,550.29
1062,2026-01-28,Customer_481,Keyboard,Electronics,4,47.0,188.0
1063,2026-05-27,Customer_516,Headphones,Electronics,4,82.33,329.32
1064,2026-01-17,Customer_172,Keyboard,Electronics,2,43.83,87.66
1065,2026-02-06,Customer_280,Laptop,Electronics,2,929.33,1858.66
1066,2026-04-09,Customer_700,Laptop,Electronics,4,815.06,3260.24
1067,2026-06-09,Customer_161,Headphones,Electronics,4,77.96,311.84
1068,2026-02-23,Customer_570,Headphones,Electronics,4,73.13,292.52
1069,2026-04-24,Customer_288,Office Chair,Furniture,3,167.04,501.12
1070,2026-06-04,Customer_490,Phone,Electronics,2,576.48,1152.96
1071,2026-06-10,Customer_393,Office Chair,Furniture,4,181.9,727.6
1072,2026-06-19,Customer_538,Headphones,Electronics,2,85.87,171.74
1073,2026-01-13,Customer_506,Desk,Furniture,1,256.39,256.39
1074,2026-01-20,Customer_321,Notebook,Stationery,4,7.83,31.32
1075,2026-05-22,Customer_471,Phone,Electronics,2,543.23,1086.46
1076,2026-03-27,Customer_051,Pen,Stationery,2,3.03,6.06
1077,2026-05-05,Customer_150,Backpack,Accessories,2,40.77,81.54
1078,2026-06-29,Customer_682,Office Chair,Furniture,3,174.97,524.91
1079,2026-04-11,Customer_264,Keyboard,Electronics,4,42.44,169.76
1080,2026-01-05,Customer_103,Mouse,Electronics,2,22.76,45.52
1081,2026-04-26,Customer_350,Headphones,Electronics,3,74.21,222.63
1082,2026-05-24,Customer_269,Phone,Electronics,4,573.61,2294.44
1083,2026-05-27,Customer_657,Notebook,Stationery,3,7.89,23.67
1084,2026-02-27,Customer_346,Keyboard,Electronics,2,49.16,98.32
1085,2026-01-23,Customer_127,Pen,Stationery,4,2.95,11.8
1086,2026-02-27,Customer_634,Laptop,Electronics,3,807.54,2422.62
1087,2026-05-06,Customer_118,Pen,Stationery,4,3.26,13.04
1088,2026-05-09,Customer_272,Desk,Furniture,4,252.72,1010.88
1089,2026-01-22,Customer_247,Headphones,Electronics,4,81.06,324.24
1090,2026-06-28,Customer_086,Pen,Stationery,1,2.77,2.77
1091,2026-03-10,Customer_047,Laptop,Electronics,2,910.43,1820.86
1092,2026-05-24,Customer_218,Backpack,Accessories,4,47.76,191.04
1093,2026-04-10,Customer_289,Keyboard,Electronics,3,40.93,122.79
1094,2026-03-10,Customer_100,Phone,Electronics,4,536.21,2144.84
1095,2026-05-27,Customer_442,Laptop,Electronics,4,876.98,3507.92
1096,2026-01-04,Customer_016,Notebook,Stationery,4,8.23,32.92
1097,2026-05-08,Customer_160,Mouse,Electronics,4,25.89,103.56
1098,2026-06-12,Customer_380,Laptop,Electronics,1,902.9,902.9
1099,2026-06-20,Customer_613,Headphones,Electronics,1,87.38,87.38
1100,2026-03-15,Customer_043,Phone,Electronics,1,505.39,505.39
1101,2026-02-04,Customer_090,Notebook,Stationery,1,8.55,8.55
1102,2026-03-31,Customer_418,Headphones,Electronics,1,79.94,79.94
1103,2026-02-27,Customer_501,Phone,Electronics,1,598.03,598.03
1104,2026-04-30,Customer_420,Pen,Stationery,1,3.28,3.28
1105,2026-06-13,Customer_394,Keyboard,Electronics,1,45.62,45.62
1106,2026-06-26,Customer_099,Mouse,Electronics,2,23.75,47.5
1107,2026-04-06,Customer_664,Desk,Furniture,2,253.09,506.18
1108,2026-01-12,Customer_369,Desk,Furniture,1,262.0,262.0
1109,2026-04-09,Customer_273,Laptop,Electronics,2,849.42,1698.84
1110,2026-03-27,Customer_397,Headphones,Electronics,1,72.86,72.86
1111,2026-05-27,Customer_076,Pen,Stationery,3,3.27,9.81
1112,2026-05-08,Customer_564,Headphones,Electronics,2,82.11,164.22
1113,2026-04-27,Customer_069,Headphones,Electronics,4,77.26,309.04
1114,2026-05-03,Customer_469,Mouse,Electronics,1,26.46,26.46
1115,2026-02-26,Customer_039,Keyboard,Electronics,2,49.27,98.54
1116,2026-05-22,Customer_223,Backpack,Accessories,1,47.13,47.13
1117,2026-03-16,Customer_658,Pen,Stationery,2,3.2,6.4
1118,2026-05-25,Customer_253,Office Chair,Furniture,3,177.34,532.02
1119,2026-06-17,Customer_170,Pen,Stationery,2,3.24,6.48
1120,2026-01-05,Customer_029,Keyboard,Electronics,2,49.38,98.76
1121,2026-04-19,Customer_342,Mouse,Electronics,1,27.24,27.24
1122,2026-02-14,Customer_132,Mouse,Electronics,2,26.04,52.08
1123,2026-01-19,Customer_445,Office Chair,Furniture,3,177.27,531.81
1124,2026-03-31,Customer_531,Desk,Furniture,2,249.63,499.26
1125,2026-05-21,Customer_220,Backpack,Accessories,4,41.57,166.28
1126,2026-03-02,Customer_361,Desk,Furniture,1,259.05,259.05
1127,2026-04-02,Customer_190,Pen,Stationery,3,2.99,8.97
1128,2026-06-02,Customer_117,Office Chair,Furniture,2,162.44,324.88
1129,2026-06-09,Customer_173,Keyboard,Electronics,4,45.25,181.0
1130,2026-06-13,Customer_227,Headphones,Electronics,4,73.21,292.84
1131,2026-02-16,Customer_233,Laptop,Electronics,2,815.06,1630.12
1132,2026-01-01,Customer_373,Office Chair,Furniture,2,175.83,351.66
1133,2026-01-12,Customer_330,Notebook,Stationery,2,7.93,15.86
1134,2026-06-05,Customer_373,Notebook,Stationery,2,7.5,15.0
1135,2026-03-31,Customer_648,Backpack,Accessories,4,45.75,183.0
1136,2026-04-11,Customer_041,Mouse,Electronics,4,24.77,99.08
1137,2026-05-25,Customer_201,Laptop,Electronics,1,903.35,903.35
1138,2026-06-06,Customer_558,Headphones,Electronics,1,87.05,87.05
1139,2026-04-25,Customer_256,Keyboard,Electronics,3,48.77,146.31
1140,2026-01-10,Customer_242,Keyboard,Electronics,3,44.2,132.6
1141,2026-04-28,Customer_065,Phone,Electronics,4,603.38,2413.52
1142,2026-01-11,Customer_282,Pen,Stationery,2,3.2,6.4
1143,2026-06-26,Customer_461,Laptop,Electronics,2,771.26,1542.52
1144,2026-05-09,Customer_405,Desk,Furniture,2,259.59,519.18
1145,2026-04-05,Customer_645,Office Chair,Furniture,3,182.0,546.0
1146,2026-02-22,Customer_677,Backpack,Accessories,2,43.9,87.8
1147,2026-03-26,Customer_078,Pen,Stationery,2,2.85,5.7
1148,2026-06-22,Customer_446,Laptop,Electronics,1,893.69,893.69
1149,2026-02-03,Customer_348,Notebook,Stationery,3,8.27,24.81
1150,2026-06-11,Customer_438,Office Chair,Furniture,3,180.73,542.19
1151,2026-01-12,Customer_054,Keyboard,Electronics,2,48.39,96.78
1152,2026-02-26,Customer_401,Desk,Furniture,3,264.23,792.69
1153,2026-05-22,Customer_578,Headphones,Electronics,3,74.18,222.54
1154,2026-02-07,Customer_306,Phone,Electronics,2,538.15,1076.3
1155,2026-04-01,Customer_435,Phone,Electronics,4,555.22,2220.88
1156,2026-03-20,Customer_542,Desk,Furniture,2,268.12,536.24
1157,2026-05-13,Customer_138,Notebook,Stationery,1,7.99,7.99
1158,2026-03-25,Customer_069,Phone,Electronics,2,549.19,1098.38
1159,2026-05-06,Customer_043,Headphones,Electronics,3,74.06,222.18
1160,2026-03-21,Customer_095,Office Chair,Furniture,4,185.07,740.28
1161,2026-04-14,Customer_696,Pen,Stationery,3,3.22,9.66
1162,2026-06-04,Customer_093,Phone,Electronics,1,516.15,516.15
1163,2026-05-27,Customer_005,Phone,Electronics,4,533.24,2132.96
1164,2026-01-22,Customer_405,Office Chair,Furniture,1,181.24,181.24
1165,2026-01-12,Customer_346,Phone,Electronics,1,550.38,550.38
1166,2026-02-14,Customer_073,Backpack,Accessories,1,44.83,44.83
1167,2026-02-25,Customer_350,Laptop,Electronics,2,912.61,1825.22
1168,2026-01-08,Customer_625,Headphones,Electronics,1,87.78,87.78
1169,2026-02-16,Customer_639,Notebook,Stationery,2,7.58,15.16
1170,2026-01-28,Customer_078,Notebook,Stationery,2,8.4,16.8
1171,2026-01-14,Customer_699,Notebook,Stationery,3,8.34,25.02
1172,2026-04-21,Customer_363,Phone,Electronics,2,533.96,1067.92
1173,2026-04-25,Customer_015,Pen,Stationery,3,2.93,8.79
1174,2026-02-08,Customer_273,Desk,Furniture,2,241.37,482.74
1175,2026-02-13,Customer_537,Laptop,Electronics,1,865.91,865.91
1176,2026-03-09,Customer_394,Headphones,Electronics,1,79.98,79.98
1177,2026-04-21,Customer_228,Office Chair,Furniture,2,182.08,364.16
1178,2026-06-17,Customer_369,Headphones,Electronics,2,76.54,153.08
1179,2026-01-06,Customer_692,Backpack,Accessories,4,45.64,182.56
1180,2026-02-28,Customer_377,Laptop,Electronics,1,782.3,782.3
1181,2026-03-11,Customer_503,Mouse,Electronics,2,23.43,46.86
1182,2026-03-03,Customer_350,Notebook,Stationery,3,8.55,25.65
1183,2026-05-11,Customer_243,Notebook,Stationery,1,8.77,8.77
1184,2026-01-06,Customer_322,Mouse,Electronics,4,27.09,108.36
1185,2026-03-20,Customer_646,Office Chair,Furniture,1,179.67,179.67
1186,2026-06-28,Customer_574,Pen,Stationery,2,3.03,6.06
1187,2026-05-16,Customer_026,Headphones,Electronics,1,84.31,84.31
1188,2026-03-11,Customer_410,Office Chair,Furniture,4,177.32,709.28
1189,2026-01-20,Customer_113,Laptop,Electronics,2,895.52,1791.04
1190,2026-02-07,Customer_139,Mouse,Electronics,1,25.16,25.16
1191,2026-06-10,Customer_690,Notebook,Stationery,2,8.08,16.16
1192,2026-05-18,Customer_172,Phone,Electronics,1,570.3,570.3
1193,2026-03-25,Customer_321,Keyboard,Electronics,1,47.34,47.34
1194,2026-05-23,Customer_550,Desk,Furniture,3,242.44,727.32
1195,2026-02-18,Customer_581,Phone,Electronics,2,597.62,1195.24
1196,2026-05-17,Customer_588,Headphones,Electronics,3,86.82,260.46
1197,2026-03-05,Customer_572,Notebook,Stationery,3,8.47,25.41
1198,2026-01-14,Customer_291,Keyboard,Electronics,1,47.83,47.83
1199,2026-05-03,Customer_078,Backpack,Accessories,2,43.73,87.46
1200,2026-02-11,Customer_089,Phone,Electronics,4,544.71,2178.84
1201,2026-04-14,Customer_526,Headphones,Electronics,1,76.82,76.82
1202,2026-01-23,Customer_575,Laptop,Electronics,1,825.41,825.41
1203,2026-02-22,Customer_616,Notebook,Stationery,3,8.07,24.21
1204,2026-05-14,Customer_579,Desk,Furniture,3,241.75,725.25
1205,2026-01-15,Customer_623,Laptop,Electronics,4,891.05,3564.2
1206,2026-06-04,Customer_420,Office Chair,Furniture,1,173.22,173.22
1207,2026-06-04,Customer_289,Mouse,Electronics,2,26.07,52.14
1208,2026-01-05,Customer_635,Backpack,Accessories,1,41.43,41.43
1209,2026-05-21,Customer_159,Mouse,Electronics,1,23.14,23.14
1210,2026-01-15,Customer_157,Notebook,Stationery,1,7.98,7.98
1211,2026-03-09,Customer_685,Phone,Electronics,3,565.53,1696.59
1212,2026-06-13,Customer_292,Backpack,Accessories,3,45.89,137.67
1213,2026-05-28,Customer_011,Backpack,Accessories,4,45.75,183.0
1214,2026-01-23,Customer_346,Backpack,Accessories,1,41.75,41.75
1215,2026-04-21,Customer_616,Mouse,Electronics,4,25.98,103.92
1216,2026-04-30,Customer_127,Backpack,Accessories,1,45.69,45.69
1217,2026-05-02,Customer_051,Notebook,Stationery,1,8.68,8.68
1218,2026-05-31,Customer_613,Keyboard,Electronics,2,48.05,96.1
1219,2026-02-26,Customer_001,Office Chair,Furniture,3,170.19,510.57
1220,2026-05-23,Customer_661,Pen,Stationery,1,2.9,2.9
1221,2026-06-29,Customer_313,Keyboard,Electronics,2,43.5,87.0
1222,2026-03-04,Customer_244,Pen,Stationery,2,3.25,6.5
1223,2026-05-10,Customer_210,Phone,Electronics,3,544.74,1634.22
1224,2026-06-20,Customer_179,Office Chair,Furniture,4,182.79,731.16
1225,2026-06-29,Customer_501,Notebook,Stationery,1,7.78,7.78
1226,2026-03-04,Customer_662,Backpack,Accessories,4,42.41,169.64
1227,2026-02-18,Customer_084,Pen,Stationery,1,3.03,3.03
1228,2026-03-27,Customer_476,Notebook,Stationery,1,7.68,7.68
1229,2026-05-21,Customer_215,Headphones,Electronics,3,84.8,254.4
1230,2026-03-03,Customer_032,Laptop,Electronics,1,829.21,829.21
1231,2026-05-24,Customer_424,Headphones,Electronics,2,76.7,153.4
1232,2026-04-25,Customer_175,Phone,Electronics,2,553.79,1107.58
1233,2026-04-23,Customer_114,Office Chair,Furniture,3,167.59,502.77
1234,2026-05-09,Customer_264,Desk,Furniture,3,262.66,787.98
1235,2026-01-10,Customer_458,Headphones,Electronics,2,80.43,160.86
1236,2026-03-28,Customer_055,Phone,Electronics,3,567.48,1702.44
1237,2026-03-06,Customer_313,Desk,Furniture,3,236.55,709.65
1238,2026-03-13,Customer_054,Pen,Stationery,3,3.04,9.12
1239,2026-02-20,Customer_609,Notebook,Stationery,2,8.49,16.98
1240,2026-03-29,Customer_078,Notebook,Stationery,2,8.53,17.06
1241,2026-06-14,Customer_182,Keyboard,Electronics,2,43.14,86.28
1242,2026-06-25,Customer_007,Backpack,Accessories,3,47.12,141.36
1243,2026-03-26,Customer_147,Headphones,Electronics,4,82.29,329.16
1244,2026-03-23,Customer_514,Laptop,Electronics,3,871.21,2613.63
1245,2026-01-11,Customer_386,Headphones,Electronics,3,72.55,217.65
1246,2026-01-20,Customer_261,Keyboard,Electronics,2,47.46,94.92
1247,2026-05-17,Customer_226,Keyboard,Electronics,4,42.48,169.92
1248,2026-03-27,Customer_364,Notebook,Stationery,1,8.59,8.59
1249,2026-04-30,Customer_059,Desk,Furniture,4,234.11,936.44
1250,2026-04-24,Customer_115,Laptop,Electronics,2,891.09,1782.18
1251,2026-01-25,Customer_359,Pen,Stationery,2,3.09,6.18
1252,2026-01-04,Customer_666,Backpack,Accessories,1,42.05,42.05
1253,2026-02-06,Customer_075,Office Chair,Furniture,2,181.07,362.14
1254,2026-02-11,Customer_356,Pen,Stationery,2,2.74,5.48
1255,2026-06-14,Customer_153,Office Chair,Furniture,2,187.93,375.86
1256,2026-04-27,Customer_342,Keyboard,Electronics,3,48.6,145.8
1257,2026-05-14,Customer_168,Phone,Electronics,4,564.64,2258.56
1258,2026-02-22,Customer_455,Backpack,Accessories,1,48.04,48.04
1259,2026-05-02,Customer_558,Phone,Electronics,4,600.45,2401.8
1260,2026-02-20,Customer_693,Mouse,Electronics,3,23.73,71.19
1261,2026-05-29,Customer_296,Mouse,Electronics,1,26.11,26.11
1262,2026-02-23,Customer_098,Desk,Furniture,3,272.7,818.1
1263,2026-05-30,Customer_069,Notebook,Stationery,1,7.63,7.63
1264,2026-05-28,Customer_467,Headphones,Electronics,4,72.82,291.28
1265,2026-04-19,Customer_482,Pen,Stationery,2,2.98,5.96
1266,2026-03-14,Customer_296,Laptop,Electronics,1,849.23,849.23
1267,2026-06-20,Customer_616,Backpack,Accessories,1,42.72,42.72
1268,2026-05-11,Customer_498,Keyboard,Electronics,4,46.75,187.0
1269,2026-04-12,Customer_524,Headphones,Electronics,1,73.47,73.47
1270,2026-02-18,Customer_017,Backpack,Accessories,1,44.51,44.51
1271,2026-02-16,Customer_012,Notebook,Stationery,3,8.37,25.11
1272,2026-05-29,Customer_081,Desk,Furniture,1,259.61,259.61
1273,2026-01-25,Customer_466,Pen,Stationery,4,2.83,11.32
1274,2026-06-03,Customer_489,Backpack,Accessories,3,40.9,122.7
1275,2026-01-16,Customer_401,Desk,Furniture,2,253.4,506.8
1276,2026-05-15,Customer_335,Keyboard,Electronics,3,43.18,129.54
1277,2026-06-25,Customer_498,Desk,Furniture,1,248.71,248.71
1278,2026-04-26,Customer_402,Backpack,Accessories,3,40.83,122.49
1279,2026-06-08,Customer_152,Headphones,Electronics,4,73.93,295.72
1280,2026-04-08,Customer_131,Keyboard,Electronics,3,43.56,130.68
1281,2026-04-18,Customer_039,Notebook,Stationery,1,8.06,8.06
1282,2026-06-02,Customer_397,Phone,Electronics,1,592.46,592.46
1283,2026-06-19,Customer_108,Phone,Electronics,3,545.81,1637.43
1284,2026-02-03,Customer_414,Desk,Furniture,1,251.45,251.45
1285,2026-06-09,Customer_608,Headphones,Electronics,3,87.97,263.91
1286,2026-01-29,Customer_477,Keyboard,Electronics,4,46.15,184.6
1287,2026-05-01,Customer_266,Pen,Stationery,3,2.95,8.85
1288,2026-05-13,Customer_577,Laptop,Electronics,3,844.44,2533.32
1289,2026-04-30,Customer_670,Phone,Electronics,4,573.71,2294.84
1290,2026-02-06,Customer_665,Laptop,Electronics,1,932.91,932.91
1291,2026-03-14,Customer_399,Laptop,Electronics,1,880.54,880.54
1292,2026-05-20,Customer_187,Backpack,Accessories,1,47.58,47.58
1293,2026-06-20,Customer_380,Office Chair,Furniture,3,193.65,580.95
1294,2026-02-15,Customer_344,Phone,Electronics,1,576.77,576.77
1295,2026-01-04,Customer_571,Notebook,Stationery,4,8.54,34.16
1296,2026-02-23,Customer_243,Backpack,Accessories,3,42.09,126.27
1297,2026-06-18,Customer_506,Headphones,Electronics,4,77.6,310.4
1298,2026-01-05,Customer_054,Desk,Furniture,1,250.91,250.91
1299,2026-01-20,Customer_573,Backpack,Accessories,3,47.32,141.96
1300,2026-03-03,Customer_145,Notebook,Stationery,3,8.51,25.53
1301,2026-01-13,Customer_120,Pen,Stationery,1,3.24,3.24
1302,2026-04-11,Customer_610,Pen,Stationery,4,2.86,11.44
1303,2026-01-29,Customer_649,Headphones,Electronics,1,85.64,85.64
1304,2026-06-19,Customer_521,Notebook,Stationery,1,8.08,8.08
1305,2026-05-04,Customer_038,Notebook,Stationery,3,8.36,25.08
1306,2026-03-31,Customer_454,Keyboard,Electronics,4,41.49,165.96
1307,2026-01-28,Customer_593,Phone,Electronics,4,592.12,2368.48
1308,2026-03-03,Customer_349,Headphones,Electronics,2,81.14,162.28
1309,2026-02-09,Customer_040,Laptop,Electronics,2,853.61,1707.22
1310,2026-03-21,Customer_168,Laptop,Electronics,3,912.44,2737.32
1311,2026-06-18,Customer_363,Pen,Stationery,1,3.11,3.11
1312,2026-06-04,Customer_422,Desk,Furniture,1,269.04,269.04
1313,2026-02-27,Customer_031,Desk,Furniture,2,231.44,462.88
1314,2026-04-17,Customer_437,Desk,Furniture,3,225.06,675.18
1315,2026-01-02,Customer_589,Desk,Furniture,2,239.35,478.7
1316,2026-02-15,Customer_667,Laptop,Electronics,1,872.41,872.41
1317,2026-04-08,Customer_700,Notebook,Stationery,1,8.45,8.45
1318,2026-03-11,Customer_467,Desk,Furniture,2,246.61,493.22
1319,2026-03-04,Customer_412,Keyboard,Electronics,1,47.6,47.6
1320,2026-05-28,Customer_484,Phone,Electronics,4,528.11,2112.44
1321,2026-01-17,Customer_524,Office Chair,Furniture,1,182.96,182.96
1322,2026-01-22,Customer_474,Notebook,Stationery,3,8.56,25.68
1323,2026-01-14,Customer_687,Mouse,Electronics,3,23.15,69.45
1324,2026-05-05,Customer_460,Desk,Furniture,1,226.11,226.11
1325,2026-05-14,Customer_079,Headphones,Electronics,3,82.93,248.79
1326,2026-01-26,Customer_482,Phone,Electronics,1,598.87,598.87
1327,2026-04-09,Customer_397,Pen,Stationery,3,3.02,9.06
1328,2026-01-29,Customer_157,Mouse,Electronics,4,22.91,91.64
1329,2026-03-25,Customer_022,Headphones,Electronics,1,87.41,87.41
1330,2026-04-02,Customer_021,Keyboard,Electronics,3,49.18,147.54
1331,2026-05-27,Customer_453,Headphones,Electronics,3,78.55,235.65
1332,2026-05-04,Customer_527,Phone,Electronics,1,517.04,517.04
1333,2026-01-25,Customer_524,Phone,Electronics,3,546.87,1640.61
1334,2026-01-27,Customer_584,Pen,Stationery,1,2.75,2.75
1335,2026-01-08,Customer_591,Phone,Electronics,4,496.96,1987.84
1336,2026-04-03,Customer_693,Notebook,Stationery,4,8.75,35.0
1337,2026-05-28,Customer_558,Pen,Stationery,2,2.77,5.54
1338,2026-01-17,Customer_236,Mouse,Electronics,4,25.29,101.16
1339,2026-06-25,Customer_501,Keyboard,Electronics,2,47.68,95.36
1340,2026-05-19,Customer_064,Laptop,Electronics,4,843.98,3375.92
1341,2026-03-05,Customer_338,Office Chair,Furniture,4,185.65,742.6
1342,2026-02-02,Customer_102,Pen,Stationery,4,3.13,12.52
1343,2026-06-28,Customer_088,Pen,Stationery,1,2.76,2.76
1344,2026-02-15,Customer_672,Office Chair,Furniture,2,169.57,339.14
1345,2026-06-10,Customer_242,Laptop,Electronics,2,855.82,1711.64
1346,2026-06-07,Customer_589,Mouse,Electronics,2,24.48,48.96
1347,2026-06-15,Customer_090,Backpack,Accessories,2,47.89,95.78
1348,2026-04-16,Customer_428,Laptop,Electronics,4,873.19,3492.76
1349,2026-05-03,Customer_009,Office Chair,Furniture,1,163.87,163.87
1350,2026-06-09,Customer_553,Phone,Electronics,4,590.81,2363.24
1351,2026-06-27,Customer_318,Mouse,Electronics,2,25.56,51.12
1352,2026-05-07,Customer_007,Mouse,Electronics,4,25.24,100.96
1353,2026-02-27,Customer_022,Backpack,Accessories,3,46.29,138.87
1354,2026-02-10,Customer_700,Backpack,Accessories,2,41.23,82.46
1355,2026-01-12,Customer_087,Pen,Stationery,1,3.07,3.07
1356,2026-05-27,Customer_567,Mouse,Electronics,1,23.41,23.41
1357,2026-04-29,Customer_309,Desk,Furniture,4,249.91,999.64
1358,2026-03-23,Customer_662,Keyboard,Electronics,4,45.38,181.52
1359,2026-02-28,Customer_643,Backpack,Accessories,3,46.62,139.86
1360,2026-04-03,Customer_207,Laptop,Electronics,3,843.65,2530.95
1361,2026-04-04,Customer_159,Backpack,Accessories,1,48.12,48.12
1362,2026-02-06,Customer_516,Mouse,Electronics,4,22.7,90.8
1363,2026-06-26,Customer_608,Pen,Stationery,4,2.72,10.88
1364,2026-04-08,Customer_512,Mouse,Electronics,2,25.49,50.98
1365,2026-06-13,Customer_295,Backpack,Accessories,3,45.83,137.49
1366,2026-05-05,Customer_268,Headphones,Electronics,1,79.45,79.45
1367,2026-01-21,Customer_520,Mouse,Electronics,4,25.51,102.04
1368,2026-02-11,Customer_526,Phone,Electronics,3,540.43,1621.29
1369,2026-06-15,Customer_553,Office Chair,Furniture,4,176.58,706.32
1370,2026-01-14,Customer_504,Desk,Furniture,1,258.13,258.13
1371,2026-03-11,Customer_145,Pen,Stationery,1,2.94,2.94
1372,2026-06-12,Customer_229,Keyboard,Electronics,3,45.8,137.4
1373,2026-06-13,Customer_301,Desk,Furniture,3,236.73,710.19
1374,2026-01-10,Customer_630,Backpack,Accessories,1,43.53,43.53
1375,2026-04-04,Customer_361,Laptop,Electronics,1,807.28,807.28
1376,2026-06-20,Customer_513,Pen,Stationery,4,2.92,11.68
1377,2026-01-28,Customer_121,Keyboard,Electronics,3,46.47,139.41
1378,2026-06-14,Customer_305,Laptop,Electronics,4,901.96,3607.84
1379,2026-06-05,Customer_367,Office Chair,Furniture,4,181.44,725.76
1380,2026-05-28,Customer_334,Phone,Electronics,1,553.43,553.43
1381,2026-01-20,Customer_282,Laptop,Electronics,3,803.2,2409.6
1382,2026-02-28,Customer_161,Laptop,Electronics,3,772.07,2316.21
1383,2026-01-20,Customer_693,Phone,Electronics,4,570.46,2281.84
1384,2026-05-06,Customer_217,Phone,Electronics,1,590.47,590.47
1385,2026-06-20,Customer_178,Desk,Furniture,4,251.61,1006.44
1386,2026-05-31,Customer_384,Mouse,Electronics,4,27.2,108.8
1387,2026-05-04,Customer_375,Notebook,Stationery,2,7.5,15.0
1388,2026-01-08,Customer_669,Office Chair,Furniture,1,196.68,196.68
1389,2026-06-24,Customer_193,Desk,Furniture,3,272.23,816.69
1390,2026-06-07,Customer_114,Phone,Electronics,1,586.4,586.4
1391,2026-02-16,Customer_588,Notebook,Stationery,1,8.3,8.3
1392,2026-02-02,Customer_001,Headphones,Electronics,3,82.54,247.62
1393,2026-02-22,Customer_304,Keyboard,Electronics,1,41.46,41.46
1394,2026-03-04,Customer_585,Laptop,Electronics,1,933.87,933.87
1395,2026-01-13,Customer_585,Keyboard,Electronics,1,43.1,43.1
1396,2026-03-09,Customer_610,Office Chair,Furniture,2,195.32,390.64
1397,2026-01-19,Customer_454,Phone,Electronics,2,591.57,1183.14
1398,2026-01-23,Customer_365,Laptop,Electronics,4,815.47,3261.88
1399,2026-03-30,Customer_655,Laptop,Electronics,4,868.67,3474.68
1400,2026-05-23,Customer_605,Pen,Stationery,1,2.84,2.84
1401,2026-02-04,Customer_102,Backpack,Accessories,3,45.93,137.79
1402,2026-04-20,Customer_003,Keyboard,Electronics,2,49.06,98.12
1403,2026-06-05,Customer_629,Backpack,Accessories,1,43.92,43.92
1404,2026-02-17,Customer_293,Mouse,Electronics,3,24.47,73.41
1405,2026-03-28,Customer_326,Phone,Electronics,4,600.11,2400.44
1406,2026-01-21,Customer_407,Desk,Furniture,4,257.37,1029.48
1407,2026-05-04,Customer_399,Pen,Stationery,4,3.26,13.04
1408,2026-01-15,Customer_324,Keyboard,Electronics,1,43.66,43.66
1409,2026-02-03,Customer_334,Mouse,Electronics,4,25.12,100.48
1410,2026-01-27,Customer_669,Headphones,Electronics,4,76.98,307.92
1411,2026-06-13,Customer_670,Phone,Electronics,2,524.99,1049.98
1412,2026-05-12,Customer_090,Pen,Stationery,2,2.81,5.62
1413,2026-04-05,Customer_108,Backpack,Accessories,3,45.23,135.69
1414,2026-03-12,Customer_312,Laptop,Electronics,2,796.49,1592.98
1415,2026-02-05,Customer_084,Mouse,Electronics,2,26.53,53.06
1416,2026-05-09,Customer_172,Notebook,Stationery,1,8.21,8.21
1417,2026-05-03,Customer_141,Desk,Furniture,2,265.96,531.92
1418,2026-05-17,Customer_026,Pen,Stationery,3,3.07,9.21
1419,2026-05-02,Customer_633,Backpack,Accessories,4,47.43,189.72
1420,2026-02-18,Customer_154,Keyboard,Electronics,4,42.97,171.88
1421,2026-01-19,Customer_612,Desk,Furniture,2,265.48,530.96
1422,2026-05-27,Customer_676,Backpack,Accessories,1,44.32,44.32
1423,2026-03-10,Customer_687,Laptop,Electronics,3,912.77,2738.31
1424,2026-06-10,Customer_631,Keyboard,Electronics,1,42.11,42.11
1425,2026-02-06,Customer_655,Headphones,Electronics,4,75.3,301.2
1426,2026-01-11,Customer_650,Pen,Stationery,2,3.08,6.16
1427,2026-06-02,Customer_320,Headphones,Electronics,3,83.12,249.36
1428,2026-03-08,Customer_554,Office Chair,Furniture,1,187.83,187.83
1429,2026-01-24,Customer_700,Headphones,Electronics,4,83.59,334.36
1430,2026-02-11,Customer_288,Desk,Furniture,1,228.97,228.97
1431,2026-04-07,Customer_676,Headphones,Electronics,1,77.17,77.17
1432,2026-05-03,Customer_070,Pen,Stationery,3,2.74,8.22
1433,2026-02-18,Customer_642,Keyboard,Electronics,4,42.6,170.4
1434,2026-05-29,Customer_230,Notebook,Stationery,2,8.29,16.58
1435,2026-02-13,Customer_381,Backpack,Accessories,3,42.21,126.63
1436,2026-05-10,Customer_172,Phone,Electronics,2,556.36,1112.72
1437,2026-04-08,Customer_471,Mouse,Electronics,4,25.4,101.6
1438,2026-02-05,Customer_453,Pen,Stationery,3,3.02,9.06
1439,2026-06-07,Customer_633,Desk,Furniture,4,225.06,900.24
1440,2026-05-24,Customer_648,Mouse,Electronics,3,27.14,81.42
1441,2026-01-23,Customer_348,Headphones,Electronics,4,72.32,289.28
1442,2026-04-14,Customer_248,Laptop,Electronics,1,879.16,879.16
1443,2026-03-25,Customer_406,Phone,Electronics,4,578.08,2312.32
1444,2026-06-10,Customer_460,Office Chair,Furniture,4,187.51,750.04
1445,2026-05-22,Customer_481,Desk,Furniture,2,242.08,484.16
1446,2026-04-15,Customer_341,Phone,Electronics,3,521.3,1563.9
1447,2026-03-16,Customer_180,Desk,Furniture,2,255.03,510.06
1448,2026-02-24,Customer_262,Headphones,Electronics,2,79.95,159.9
1449,2026-03-27,Customer_316,Keyboard,Electronics,4,42.38,169.52
1450,2026-02-18,Customer_042,Office Chair,Furniture,2,184.61,369.22
1451,2026-06-07,Customer_216,Backpack,Accessories,2,46.99,93.98
1452,2026-03-08,Customer_007,Mouse,Electronics,2,22.9,45.8
1453,2026-05-29,Customer_675,Phone,Electronics,3,571.44,1714.32
1454,2026-01-20,Customer_266,Pen,Stationery,2,2.78,5.56
1455,2026-02-23,Customer_289,Mouse,Electronics,3,24.94,74.82
1456,2026-04-20,Customer_336,Office Chair,Furniture,2,168.29,336.58
1457,2026-05-11,Customer_483,Pen,Stationery,2,2.79,5.58
1458,2026-04-27,Customer_482,Notebook,Stationery,1,7.24,7.24
1459,2026-01-25,Customer_079,Mouse,Electronics,1,25.25,25.25
1460,2026-02-01,Customer_128,Mouse,Electronics,2,23.89,47.78
1461,2026-05-14,Customer_672,Phone,Electronics,4,535.13,2140.52
1462,2026-01-31,Customer_517,Headphones,Electronics,2,79.36,158.72
1463,2026-05-10,Customer_382,Phone,Electronics,1,563.14,563.14
1464,2026-03-24,Customer_099,Keyboard,Electronics,1,47.54,47.54
1465,2026-04-25,Customer_263,Laptop,Electronics,4,872.64,3490.56
1466,2026-02-09,Customer_101,Desk,Furniture,4,240.31,961.24
1467,2026-02-21,Customer_420,Office Chair,Furniture,3,188.08,564.24
1468,2026-04-26,Customer_574,Headphones,Electronics,3,80.41,241.23
1469,2026-01-14,Customer_455,Keyboard,Electronics,1,47.42,47.42
1470,2026-05-10,Customer_574,Keyboard,Electronics,2,47.61,95.22
1471,2026-05-29,Customer_650,Desk,Furniture,2,234.48,468.96
1472,2026-05-13,Customer_065,Keyboard,Electronics,2,42.67,85.34
1473,2026-06-30,Customer_338,Keyboard,Electronics,1,40.88,40.88
1474,2026-05-19,Customer_308,Desk,Furniture,1,249.41,249.41
1475,2026-02-03,Customer_564,Phone,Electronics,4,584.18,2336.72
1476,2026-06-29,Customer_422,Backpack,Accessories,1,49.11,49.11
1477,2026-04-23,Customer_105,Laptop,Electronics,4,818.62,3274.48
1478,2026-05-09,Customer_130,Laptop,Electronics,2,923.15,1846.3
1479,2026-01-21,Customer_284,Desk,Furniture,2,244.32,488.64
1480,2026-06-26,Customer_079,Laptop,Electronics,4,841.61,3366.44
1481,2026-06-22,Customer_467,Keyboard,Electronics,4,49.39,197.56
1482,2026-03-28,Customer_101,Notebook,Stationery,1,7.26,7.26
1483,2026-03-28,Customer_043,Laptop,Electronics,1,901.36,901.36
1484,2026-06-01,Customer_017,Keyboard,Electronics,4,47.14,188.56
1485,2026-02-27,Customer_366,Mouse,Electronics,3,27.35,82.05
1486,2026-05-15,Customer_499,Headphones,Electronics,3,78.59,235.77
1487,2026-01-05,Customer_350,Office Chair,Furniture,4,164.47,657.88
1488,2026-05-18,Customer_550,Laptop,Electronics,3,898.02,2694.06
1489,2026-04-14,Customer_329,Phone,Electronics,3,517.63,1552.89
1490,2026-02-18,Customer_382,Mouse,Electronics,2,22.85,45.7
1491,2026-05-02,Customer_119,Phone,Electronics,2,582.86,1165.72
1492,2026-05-20,Customer_488,Phone,Electronics,2,548.46,1096.92
1493,2026-06-09,Customer_351,Phone,Electronics,3,499.81,1499.43
1494,2026-01-17,Customer_402,Desk,Furniture,1,243.61,243.61
1495,2026-02-28,Customer_124,Backpack,Accessories,1,41.97,41.97
1496,2026-06-07,Customer_172,Headphones,Electronics,2,72.2,144.4
1497,2026-05-29,Customer_122,Desk,Furniture,3,267.33,801.99
1498,2026-06-24,Customer_530,Keyboard,Electronics,1,42.49,42.49
1499,2026-05-06,Customer_302,Notebook,Stationery,2,8.44,16.88
1500,2026-03-27,Customer_662,Pen,Stationery,2,3.02,6.04
1501,2026-01-13,Customer_466,Phone,Electronics,1,570.38,570.38
1502,2026-06-29,Customer_283,Phone,Electronics,3,548.72,1646.16
1503,2026-05-31,Customer_088,Office Chair,Furniture,3,189.29,567.87
1504,2026-04-07,Customer_696,Headphones,Electronics,3,73.69,221.07
1505,2026-01-23,Customer_413,Desk,Furniture,4,256.81,1027.24
1506,2026-05-08,Customer_229,Notebook,Stationery,2,8.09,16.18
1507,2026-03-13,Customer_129,Keyboard,Electronics,3,49.43,148.29
1508,2026-04-14,Customer_483,Backpack,Accessories,2,42.34,84.68
1509,2026-01-10,Customer_405,Desk,Furniture,3,234.4,703.2
1510,2026-06-18,Customer_112,Pen,Stationery,4,3.01,12.04
1511,2026-03-31,Customer_314,Office Chair,Furniture,4,188.85,755.4
1512,2026-01-14,Customer_633,Phone,Electronics,1,535.47,535.47
1513,2026-03-16,Customer_070,Notebook,Stationery,3,8.79,26.37
1514,2026-05-12,Customer_623,Mouse,Electronics,4,26.4,105.6
1515,2026-06-03,Customer_469,Office Chair,Furniture,4,168.42,673.68
1516,2026-02-07,Customer_188,Pen,Stationery,1,2.76,2.76
1517,2026-04-29,Customer_583,Mouse,Electronics,1,25.71,25.71
1518,2026-03-21,Customer_698,Desk,Furniture,4,253.03,1012.12
1519,2026-01-24,Customer_162,Phone,Electronics,3,524.68,1574.04
1520,2026-03-01,Customer_319,Headphones,Electronics,2,83.13,166.26
1521,2026-03-17,Customer_542,Backpack,Accessories,2,42.39,84.78
1522,2026-04-10,Customer_019,Mouse,Electronics,2,24.14,48.28
1523,2026-05-26,Customer_628,Laptop,Electronics,3,901.23,2703.69
1524,2026-02-16,Customer_118,Laptop,Electronics,1,873.38,873.38
1525,2026-05-28,Customer_047,Office Chair,Furniture,3,192.23,576.69
1526,2026-03-16,Customer_137,Backpack,Accessories,4,42.33,169.32
1527,2026-03-02,Customer_138,Phone,Electronics,3,497.88,1493.64
1528,2026-04-23,Customer_254,Office Chair,Furniture,1,187.12,187.12
1529,2026-04-19,Customer_563,Keyboard,Electronics,3,42.83,128.49
1530,2026-02-15,Customer_581,Keyboard,Electronics,4,47.72,190.88
1531,2026-03-15,Customer_261,Mouse,Electronics,2,25.66,51.32
1532,2026-05-06,Customer_295,Phone,Electronics,3,543.05,1629.15
1533,2026-02-26,Customer_612,Office Chair,Furniture,1,167.72,167.72
1534,2026-03-01,Customer_364,Pen,Stationery,3,3.25,9.75
1535,2026-02-05,Customer_408,Backpack,Accessories,2,40.83,81.66
1536,2026-05-15,Customer_163,Desk,Furniture,4,264.36,1057.44
1537,2026-05-18,Customer_400,Office Chair,Furniture,3,178.19,534.57
1538,2026-03-11,Customer_556,Pen,Stationery,1,3.21,3.21
1539,2026-04-17,Customer_596,Phone,Electronics,2,556.82,1113.64
1540,2026-01-21,Customer_196,Phone,Electronics,1,579.9,579.9
1541,2026-03-11,Customer_639,Phone,Electronics,4,568.02,2272.08
1542,2026-05-28,Customer_472,Desk,Furniture,1,227.61,227.61
1543,2026-04-30,Customer_142,Pen,Stationery,1,3.29,3.29
1544,2026-03-23,Customer_581,Headphones,Electronics,3,75.17,225.51
1545,2026-02-18,Customer_371,Pen,Stationery,1,3.07,3.07
1546,2026-06-18,Customer_161,Phone,Electronics,1,519.78,519.78
1547,2026-03-12,Customer_598,Desk,Furniture,1,251.17,251.17
1548,2026-03-02,Customer_573,Phone,Electronics,4,574.51,2298.04
1549,2026-06-18,Customer_423,Office Chair,Furniture,1,181.57,181.57
1550,2026-04-08,Customer_577,Backpack,Accessories,1,41.77,41.77
1551,2026-01-22,Customer_112,Pen,Stationery,2,2.76,5.52
1552,2026-05-24,Customer_435,Desk,Furniture,2,239.53,479.06
1553,2026-06-17,Customer_294,Backpack,Accessories,3,40.97,122.91
1554,2026-03-04,Customer_561,Desk,Furniture,1,233.24,233.24
1555,2026-05-07,Customer_068,Mouse,Electronics,2,22.59,45.18
1556,2026-03-20,Customer_628,Pen,Stationery,4,3.29,13.16
1557,2026-01-26,Customer_447,Phone,Electronics,1,505.36,505.36
1558,2026-05-11,Customer_044,Laptop,Electronics,2,849.63,1699.26
1559,2026-01-06,Customer_679,Mouse,Electronics,3,26.61,79.83
1560,2026-06-27,Customer_427,Headphones,Electronics,1,87.43,87.43
1561,2026-01-12,Customer_586,Notebook,Stationery,4,7.77,31.08
1562,2026-02-10,Customer_164,Keyboard,Electronics,1,43.31,43.31
1563,2026-05-17,Customer_559,Notebook,Stationery,2,7.45,14.9
1564,2026-01-12,Customer_386,Desk,Furniture,4,267.86,1071.44
1565,2026-01-03,Customer_283,Phone,Electronics,3,603.19,1809.57
1566,2026-06-10,Customer_220,Laptop,Electronics,3,796.32,2388.96
1567,2026-04-11,Customer_688,Keyboard,Electronics,4,47.69,190.76
1568,2026-04-20,Customer_544,Pen,Stationery,4,3.14,12.56
1569,2026-04-29,Customer_016,Laptop,Electronics,3,847.51,2542.53
1570,2026-01-21,Customer_670,Phone,Electronics,4,604.68,2418.72
1571,2026-02-28,Customer_247,Keyboard,Electronics,1,41.34,41.34
1572,2026-01-25,Customer_666,Keyboard,Electronics,3,42.19,126.57
1573,2026-01-09,Customer_372,Office Chair,Furniture,2,165.99,331.98
1574,2026-03-01,Customer_377,Phone,Electronics,3,566.68,1700.04
1575,2026-05-11,Customer_588,Backpack,Accessories,4,46.91,187.64
1576,2026-06-10,Customer_675,Mouse,Electronics,2,24.24,48.48
1577,2026-06-24,Customer_338,Backpack,Accessories,3,46.36,139.08
1578,2026-06-25,Customer_662,Laptop,Electronics,1,902.05,902.05
1579,2026-04-04,Customer_289,Mouse,Electronics,1,25.88,25.88
1580,2026-03-07,Customer_483,Notebook,Stationery,4,7.31,29.24
1581,2026-06-16,Customer_454,Pen,Stationery,4,2.84,11.36
1582,2026-03-28,Customer_640,Headphones,Electronics,4,85.86,343.44
1583,2026-02-16,Customer_143,Keyboard,Electronics,3,47.37,142.11
1584,2026-06-30,Customer_302,Mouse,Electronics,2,27.02,54.04
1585,2026-05-25,Customer_551,Pen,Stationery,3,2.74,8.22
1586,2026-04-25,Customer_646,Desk,Furniture,3,230.55,691.65
1587,2026-04-30,Customer_558,Office Chair,Furniture,2,193.12,386.24
1588,2026-03-13,Customer_547,Headphones,Electronics,2,84.84,169.68
1589,2026-03-25,Customer_281,Notebook,Stationery,4,7.24,28.96
1590,2026-04-12,Customer_662,Pen,Stationery,3,3.28,9.84
1591,2026-05-11,Customer_426,Headphones,Electronics,1,85.43,85.43
1592,2026-06-22,Customer_327,Pen,Stationery,3,3.08,9.24
1593,2026-05-01,Customer_508,Headphones,Electronics,3,79.2,237.6
1594,2026-04-30,Customer_437,Mouse,Electronics,4,23.82,95.28
1595,2026-01-09,Customer_320,Laptop,Electronics,4,813.25,3253.0
1596,2026-05-22,Customer_203,Keyboard,Electronics,3,42.54,127.62
1597,2026-03-19,Customer_222,Pen,Stationery,4,2.74,10.96
1598,2026-01-08,Customer_514,Pen,Stationery,1,3.06,3.06
1599,2026-06-18,Customer_632,Desk,Furniture,4,236.98,947.92
1600,2026-04-23,Customer_432,Headphones,Electronics,3,87.93,263.79
1601,2026-02-19,Customer_469,Keyboard,Electronics,1,42.77,42.77
1602,2026-04-11,Customer_684,Laptop,Electronics,1,780.96,780.96
1603,2026-05-17,Customer_324,Headphones,Electronics,1,73.03,73.03
1604,2026-03-06,Customer_008,Desk,Furniture,3,229.11,687.33
1605,2026-03-17,Customer_174,Pen,Stationery,3,3.24,9.72
1606,2026-04-03,Customer_406,Notebook,Stationery,1,8.21,8.21
1607,2026-01-20,Customer_505,Headphones,Electronics,4,82.82,331.28
1608,2026-04-02,Customer_540,Mouse,Electronics,2,26.43,52.86
1609,2026-03-08,Customer_492,Phone,Electronics,4,561.07,2244.28
1610,2026-04-15,Customer_584,Desk,Furniture,2,228.55,457.1
1611,2026-06-02,Customer_573,Office Chair,Furniture,2,194.67,389.34
1612,2026-05-04,Customer_362,Laptop,Electronics,1,821.33,821.33
1613,2026-04-09,Customer_424,Headphones,Electronics,4,76.49,305.96
1614,2026-02-25,Customer_689,Office Chair,Furniture,1,162.28,162.28
1615,2026-05-16,Customer_555,Mouse,Electronics,4,23.92,95.68
1616,2026-02-08,Customer_341,Keyboard,Electronics,1,42.47,42.47
1617,2026-04-16,Customer_363,Office Chair,Furniture,2,172.0,344.0
1618,2026-03-29,Customer_549,Laptop,Electronics,1,904.1,904.1
1619,2026-01-21,Customer_571,Desk,Furniture,3,268.71,806.13
1620,2026-05-21,Customer_494,Headphones,Electronics,3,74.1,222.3
1621,2026-02-15,Customer_557,Laptop,Electronics,4,836.71,3346.84
1622,2026-03-17,Customer_584,Notebook,Stationery,1,8.34,8.34
1623,2026-01-12,Customer_445,Laptop,Electronics,1,887.13,887.13
1624,2026-01-08,Customer_153,Desk,Furniture,2,237.88,475.76
1625,2026-06-26,Customer_687,Mouse,Electronics,2,23.78,47.56
1626,2026-03-09,Customer_673,Mouse,Electronics,2,22.96,45.92
1627,2026-06-05,Customer_084,Laptop,Electronics,1,833.72,833.72
1628,2026-05-23,Customer_041,Desk,Furniture,2,258.43,516.86
1629,2026-04-15,Customer_202,Phone,Electronics,3,560.3,1680.9
1630,2026-01-10,Customer_210,Headphones,Electronics,2,73.85,147.7
1631,2026-02-08,Customer_540,Headphones,Electronics,4,82.21,328.84
1632,2026-04-27,Customer_514,Office Chair,Furniture,3,181.22,543.66
1633,2026-02-09,Customer_258,Laptop,Electronics,1,836.75,836.75
1634,2026-06-12,Customer_235,Laptop,Electronics,3,863.12,2589.36
1635,2026-04-11,Customer_213,Laptop,Electronics,3,823.34,2470.02
1636,2026-01-23,Customer_408,Pen,Stationery,2,3.21,6.42
1637,2026-04-17,Customer_658,Mouse,Electronics,3,22.89,68.67
1638,2026-03-14,Customer_634,Phone,Electronics,4,585.47,2341.88
1639,2026-06-05,Customer_172,Pen,Stationery,3,2.76,8.28
1640,2026-03-16,Customer_560,Backpack,Accessories,3,45.91,137.73
1641,2026-04-10,Customer_380,Laptop,Electronics,4,828.67,3314.68
1642,2026-06-05,Customer_007,Mouse,Electronics,1,26.95,26.95
1643,2026-02-16,Customer_148,Headphones,Electronics,1,80.28,80.28
1644,2026-05-26,Customer_419,Laptop,Electronics,1,880.11,880.11
1645,2026-03-10,Customer_392,Phone,Electronics,4,518.97,2075.88
1646,2026-03-06,Customer_031,Mouse,Electronics,1,23.2,23.2
1647,2026-03-10,Customer_376,Notebook,Stationery,3,8.05,24.15
1648,2026-02-14,Customer_666,Office Chair,Furniture,3,175.97,527.91
1649,2026-02-20,Customer_262,Keyboard,Electronics,2,41.67,83.34
1650,2026-05-02,Customer_125,Keyboard,Electronics,2,43.87,87.74
1651,2026-02-04,Customer_087,Office Chair,Furniture,4,197.81,791.24
1652,2026-04-23,Customer_077,Mouse,Electronics,1,24.43,24.43
1653,2026-01-22,Customer_068,Keyboard,Electronics,1,44.8,44.8
1654,2026-05-21,Customer_674,Office Chair,Furniture,1,192.01,192.01
1655,2026-06-28,Customer_554,Phone,Electronics,4,572.99,2291.96
1656,2026-03-26,Customer_383,Keyboard,Electronics,4,47.98,191.92
1657,2026-03-09,Customer_499,Laptop,Electronics,4,864.11,3456.44
1658,2026-05-05,Customer_483,Phone,Electronics,3,517.8,1553.4
1659,2026-01-17,Customer_099,Phone,Electronics,4,530.84,2123.36
1660,2026-06-01,Customer_165,Desk,Furniture,1,232.4,232.4
1661,2026-01-05,Customer_657,Keyboard,Electronics,4,48.66,194.64
1662,2026-03-05,Customer_091,Keyboard,Electronics,2,47.0,94.0
1663,2026-06-22,Customer_559,Office Chair,Furniture,1,188.85,188.85
1664,2026-01-05,Customer_184,Mouse,Electronics,1,26.89,26.89
1665,2026-01-12,Customer_582,Laptop,Electronics,3,843.65,2530.95
1666,2026-02-17,Customer_620,Mouse,Electronics,4,24.96,99.84
1667,2026-04-12,Customer_587,Laptop,Electronics,2,894.51,1789.02
1668,2026-05-23,Customer_499,Phone,Electronics,1,590.21,590.21
1669,2026-03-23,Customer_604,Headphones,Electronics,3,84.23,252.69
1670,2026-01-04,Customer_365,Headphones,Electronics,4,87.94,351.76
1671,2026-03-13,Customer_116,Laptop,Electronics,1,908.98,908.98
1672,2026-04-06,Customer_147,Office Chair,Furniture,3,178.14,534.42
1673,2026-01-13,Customer_494,Desk,Furniture,4,263.13,1052.52
1674,2026-01-22,Customer_349,Office Chair,Furniture,3,193.39,580.17
1675,2026-05-18,Customer_320,Keyboard,Electronics,4,47.88,191.52
1676,2026-06-18,Customer_664,Headphones,Electronics,4,80.46,321.84
1677,2026-02-16,Customer_163,Headphones,Electronics,2,82.83,165.66
1678,2026-04-23,Customer_488,Desk,Furniture,2,225.72,451.44
1679,2026-03-06,Customer_292,Pen,Stationery,1,3.14,3.14
1680,2026-02-06,Customer_141,Notebook,Stationery,4,8.43,33.72
1681,2026-05-08,Customer_201,Laptop,Electronics,4,884.01,3536.04
1682,2026-04-14,Customer_535,Pen,Stationery,2,2.75,5.5
1683,2026-05-08,Customer_260,Office Chair,Furniture,3,174.56,523.68
1684,2026-01-03,Customer_188,Phone,Electronics,1,600.06,600.06
1685,2026-05-03,Customer_358,Phone,Electronics,4,507.42,2029.68
1686,2026-06-11,Customer_380,Office Chair,Furniture,4,167.23,668.92
1687,2026-01-13,Customer_184,Phone,Electronics,3,539.14,1617.42
1688,2026-04-30,Customer_567,Office Chair,Furniture,1,183.0,183.0
1689,2026-02-08,Customer_321,Laptop,Electronics,1,802.28,802.28
1690,2026-01-13,Customer_533,Headphones,Electronics,1,78.66,78.66
1691,2026-01-25,Customer_031,Laptop,Electronics,3,850.52,2551.56
1692,2026-03-15,Customer_010,Mouse,Electronics,4,25.27,101.08
1693,2026-05-28,Customer_160,Phone,Electronics,2,545.95,1091.9
1694,2026-04-20,Customer_053,Notebook,Stationery,3,8.08,24.24
1695,2026-01-04,Customer_205,Desk,Furniture,4,238.57,954.28
1696,2026-04-29,Customer_290,Phone,Electronics,4,564.25,2257.0
1697,2026-03-16,Customer_561,Pen,Stationery,3,2.81,8.43
1698,2026-04-03,Customer_154,Phone,Electronics,4,560.28,2241.12
1699,2026-03-28,Customer_088,Phone,Electronics,4,495.42,1981.68
1700,2026-03-10,Customer_157,Pen,Stationery,1,2.78,2.78
1701,2026-05-17,Customer_674,Mouse,Electronics,4,27.04,108.16
1702,2026-02-20,Customer_141,Headphones,Electronics,1,78.04,78.04
1703,2026-02-25,Customer_691,Keyboard,Electronics,1,46.68,46.68
1704,2026-06-06,Customer_632,Desk,Furniture,2,231.96,463.92
1705,2026-05-29,Customer_235,Keyboard,Electronics,1,43.01,43.01
1706,2026-01-11,Customer_452,Pen,Stationery,2,2.86,5.72
1707,2026-03-25,Customer_652,Keyboard,Electronics,2,41.44,82.88
1708,2026-02-17,Customer_540,Pen,Stationery,3,2.97,8.91
1709,2026-05-26,Customer_227,Pen,Stationery,4,3.22,12.88
1710,2026-01-13,Customer_210,Keyboard,Electronics,1,44.24,44.24
1711,2026-05-10,Customer_528,Pen,Stationery,1,3.22,3.22
1712,2026-02-23,Customer_100,Desk,Furniture,1,226.8,226.8
1713,2026-05-17,Customer_263,Mouse,Electronics,2,26.19,52.38
1714,2026-03-11,Customer_149,Notebook,Stationery,2,7.52,15.04
1715,2026-04-10,Customer_533,Headphones,Electronics,1,72.93,72.93
1716,2026-04-28,Customer_054,Backpack,Accessories,1,42.91,42.91
1717,2026-02-22,Customer_586,Keyboard,Electronics,2,43.54,87.08
1718,2026-03-22,Customer_398,Backpack,Accessories,3,44.94,134.82
1719,2026-04-21,Customer_614,Laptop,Electronics,4,866.17,3464.68
1720,2026-01-24,Customer_541,Pen,Stationery,4,2.72,10.88
1721,2026-03-31,Customer_230,Laptop,Electronics,4,842.34,3369.36
1722,2026-01-16,Customer_687,Laptop,Electronics,4,787.36,3149.44
1723,2026-01-27,Customer_502,Keyboard,Electronics,2,47.43,94.86
1724,2026-06-11,Customer_421,Office Chair,Furniture,3,162.63,487.89
1725,2026-06-02,Customer_033,Desk,Furniture,2,236.16,472.32
1726,2026-02-26,Customer_638,Keyboard,Electronics,4,45.44,181.76
1727,2026-04-21,Customer_307,Pen,Stationery,4,3.24,12.96
1728,2026-02-14,Customer_214,Mouse,Electronics,4,22.83,91.32
1729,2026-06-06,Customer_610,Phone,Electronics,4,547.07,2188.28
1730,2026-05-04,Customer_471,Backpack,Accessories,4,49.12,196.48
1731,2026-05-17,Customer_631,Keyboard,Electronics,4,49.42,197.68
1732,2026-06-27,Customer_331,Office Chair,Furniture,1,169.38,169.38
1733,2026-03-31,Customer_492,Desk,Furniture,2,269.8,539.6
1734,2026-01-25,Customer_394,Headphones,Electronics,3,87.71,263.13
1735,2026-04-14,Customer_068,Laptop,Electronics,1,926.06,926.06
1736,2026-04-12,Customer_216,Office Chair,Furniture,4,181.4,725.6
1737,2026-06-08,Customer_489,Phone,Electronics,2,511.2,1022.4
1738,2026-01-05,Customer_596,Mouse,Electronics,1,24.74,24.74
1739,2026-02-23,Customer_673,Phone,Electronics,2,553.26,1106.52
1740,2026-01-15,Customer_573,Backpack,Accessories,1,49.16,49.16
1741,2026-05-14,Customer_294,Office Chair,Furniture,2,178.55,357.1
1742,2026-02-15,Customer_223,Headphones,Electronics,2,85.82,171.64
1743,2026-01-08,Customer_428,Laptop,Electronics,1,931.8,931.8
1744,2026-03-18,Customer_050,Office Chair,Furniture,1,169.09,169.09
1745,2026-04-09,Customer_252,Notebook,Stationery,4,8.72,34.88
1746,2026-03-17,Customer_139,Keyboard,Electronics,1,48.77,48.77
1747,2026-02-24,Customer_154,Office Chair,Furniture,4,191.86,767.44
1748,2026-01-29,Customer_571,Phone,Electronics,1,600.61,600.61
1749,2026-03-21,Customer_450,Phone,Electronics,3,538.21,1614.63
1750,2026-04-16,Customer_008,Mouse,Electronics,3,23.66,70.98
1751,2026-06-20,Customer_039,Laptop,Electronics,3,928.23,2784.69
1752,2026-03-27,Customer_093,Office Chair,Furniture,4,162.44,649.76
1753,2026-03-15,Customer_548,Keyboard,Electronics,4,48.84,195.36
1754,2026-06-19,Customer_255,Keyboard,Electronics,4,47.77,191.08
1755,2026-04-14,Customer_322,Desk,Furniture,4,265.41,1061.64
1756,2026-01-22,Customer_613,Pen,Stationery,1,2.99,2.99
1757,2026-05-21,Customer_173,Backpack,Accessories,4,43.1,172.4
1758,2026-06-04,Customer_546,Headphones,Electronics,1,72.72,72.72
1759,2026-04-03,Customer_327,Laptop,Electronics,3,831.72,2495.16
1760,2026-04-27,Customer_606,Headphones,Electronics,3,87.21,261.63
1761,2026-04-01,Customer_017,Phone,Electronics,1,522.61,522.61
1762,2026-06-30,Customer_091,Phone,Electronics,4,588.2,2352.8
1763,2026-01-01,Customer_058,Backpack,Accessories,1,49.27,49.27
1764,2026-03-28,Customer_266,Pen,Stationery,1,2.84,2.84
1765,2026-05-25,Customer_278,Phone,Electronics,4,526.07,2104.28
1766,2026-03-09,Customer_256,Notebook,Stationery,3,7.88,23.64
1767,2026-03-17,Customer_282,Headphones,Electronics,3,74.3,222.9
1768,2026-02-16,Customer_327,Backpack,Accessories,4,44.11,176.44
1769,2026-05-12,Customer_084,Phone,Electronics,4,517.49,2069.96
1770,2026-05-16,Customer_553,Headphones,Electronics,4,85.68,342.72
1771,2026-06-05,Customer_494,Pen,Stationery,3,2.74,8.22
1772,2026-01-15,Customer_421,Laptop,Electronics,3,781.16,2343.48
1773,2026-01-27,Customer_040,Mouse,Electronics,2,26.37,52.74
1774,2026-01-24,Customer_004,Headphones,Electronics,2,86.01,172.02
1775,2026-06-30,Customer_248,Mouse,Electronics,3,27.16,81.48
1776,2026-04-05,Customer_254,Keyboard,Electronics,2,45.29,90.58
1777,2026-02-23,Customer_326,Keyboard,Electronics,1,49.26,49.26
1778,2026-05-15,Customer_615,Office Chair,Furniture,1,172.94,172.94
1779,2026-01-03,Customer_384,Headphones,Electronics,2,83.67,167.34
1780,2026-03-17,Customer_038,Headphones,Electronics,3,82.25,246.75
1781,2026-06-18,Customer_343,Backpack,Accessories,2,48.56,97.12
1782,2026-04-11,Customer_537,Headphones,Electronics,2,74.01,148.02
1783,2026-05-03,Customer_047,Office Chair,Furniture,4,197.45,789.8
1784,2026-01-22,Customer_213,Office Chair,Furniture,1,167.39,167.39
1785,2026-01-16,Customer_571,Desk,Furniture,3,262.69,788.07
1786,2026-02-01,Customer_443,Phone,Electronics,3,551.94,1655.82
1787,2026-05-19,Customer_480,Backpack,Accessories,2,42.89,85.78
1788,2026-03-09,Customer_560,Mouse,Electronics,3,26.07,78.21
1789,2026-05-29,Customer_102,Laptop,Electronics,1,885.44,885.44
1790,2026-02-20,Customer_081,Pen,Stationery,3,3.2,9.6
1791,2026-04-14,Customer_096,Desk,Furniture,3,265.18,795.54
1792,2026-05-31,Customer_378,Desk,Furniture,1,268.08,268.08
1793,2026-03-22,Customer_418,Pen,Stationery,1,2.79,2.79
1794,2026-03-11,Customer_262,Mouse,Electronics,4,23.29,93.16
1795,2026-03-22,Customer_575,Laptop,Electronics,4,879.08,3516.32
1796,2026-04-19,Customer_183,Laptop,Electronics,1,829.69,829.69
1797,2026-01-15,Customer_100,Mouse,Electronics,2,22.58,45.16
1798,2026-02-12,Customer_419,Notebook,Stationery,2,8.33,16.66
1799,2026-01-14,Customer_674,Desk,Furniture,4,252.95,1011.8
1800,2026-06-06,Customer_168,Headphones,Electronics,1,80.08,80.08
1801,2026-01-27,Customer_336,Office Chair,Furniture,4,168.45,673.8
1802,2026-03-05,Customer_483,Headphones,Electronics,4,75.63,302.52
1803,2026-02-12,Customer_458,Pen,Stationery,4,3.11,12.44
1804,2026-06-21,Customer_151,Phone,Electronics,4,584.81,2339.24
1805,2026-02-26,Customer_519,Notebook,Stationery,3,8.11,24.33
1806,2026-01-16,Customer_595,Headphones,Electronics,2,75.96,151.92
1807,2026-03-13,Customer_124,Laptop,Electronics,1,768.37,768.37
1808,2026-02-22,Customer_331,Keyboard,Electronics,3,44.2,132.6
1809,2026-05-14,Customer_097,Keyboard,Electronics,1,48.4,48.4
1810,2026-03-10,Customer_118,Notebook,Stationery,3,7.77,23.31
1811,2026-02-19,Customer_489,Headphones,Electronics,2,77.32,154.64
1812,2026-02-16,Customer_679,Mouse,Electronics,1,25.71,25.71
1813,2026-05-15,Customer_591,Desk,Furniture,2,264.05,528.1
1814,2026-05-08,Customer_477,Notebook,Stationery,4,7.64,30.56
1815,2026-03-23,Customer_361,Pen,Stationery,4,2.74,10.96
1816,2026-06-06,Customer_202,Laptop,Electronics,2,930.02,1860.04
1817,2026-03-10,Customer_412,Pen,Stationery,1,2.81,2.81
1818,2026-06-18,Customer_689,Desk,Furniture,3,255.27,765.81
1819,2026-04-08,Customer_345,Headphones,Electronics,4,82.09,328.36
1820,2026-01-24,Customer_586,Office Chair,Furniture,2,167.18,334.36
1821,2026-02-08,Customer_219,Office Chair,Furniture,4,172.7,690.8
1822,2026-05-28,Customer_108,Headphones,Electronics,4,73.47,293.88
1823,2026-03-07,Customer_414,Keyboard,Electronics,2,46.83,93.66
1824,2026-05-14,Customer_283,Backpack,Accessories,1,46.86,46.86
1825,2026-02-17,Customer_326,Pen,Stationery,3,2.86,8.58
1826,2026-01-02,Customer_413,Mouse,Electronics,1,23.09,23.09
1827,2026-01-10,Customer_079,Office Chair,Furniture,3,193.79,581.37
1828,2026-05-03,Customer_248,Office Chair,Furniture,4,187.24,748.96
1829,2026-01-25,Customer_284,Laptop,Electronics,1,830.55,830.55
1830,2026-01-07,Customer_137,Mouse,Electronics,3,27.29,81.87
1831,2026-06-13,Customer_073,Backpack,Accessories,4,46.55,186.2
1832,2026-06-25,Customer_166,Laptop,Electronics,2,766.41,1532.82
1833,2026-02-23,Customer_690,Headphones,Electronics,4,83.97,335.88
1834,2026-05-07,Customer_409,Mouse,Electronics,1,25.06,25.06
1835,2026-06-04,Customer_248,Laptop,Electronics,3,873.41,2620.23
1836,2026-06-19,Customer_212,Notebook,Stationery,3,7.52,22.56
1837,2026-05-31,Customer_111,Mouse,Electronics,3,22.65,67.95
1838,2026-04-20,Customer_069,Phone,Electronics,4,534.03,2136.12
1839,2026-06-27,Customer_314,Laptop,Electronics,3,866.12,2598.36
1840,2026-04-04,Customer_304,Desk,Furniture,2,269.25,538.5
1841,2026-05-07,Customer_275,Mouse,Electronics,3,23.92,71.76
1842,2026-06-23,Customer_387,Backpack,Accessories,2,47.19,94.38
1843,2026-04-30,Customer_603,Notebook,Stationery,3,8.43,25.29
1844,2026-03-14,Customer_509,Office Chair,Furniture,3,181.38,544.14
1845,2026-04-23,Customer_694,Keyboard,Electronics,1,40.82,40.82
1846,2026-03-26,Customer_445,Backpack,Accessories,3,46.24,138.72
1847,2026-06-17,Customer_420,Phone,Electronics,4,510.88,2043.52
1848,2026-03-20,Customer_092,Phone,Electronics,2,550.01,1100.02
1849,2026-05-19,Customer_698,Pen,Stationery,1,2.88,2.88
1850,2026-05-15,Customer_573,Office Chair,Furniture,4,195.38,781.52
1851,2026-05-09,Customer_003,Office Chair,Furniture,2,176.72,353.44
1852,2026-04-12,Customer_038,Keyboard,Electronics,4,45.15,180.6
1853,2026-04-02,Customer_021,Phone,Electronics,3,574.26,1722.78
1854,2026-02-16,Customer_596,Headphones,Electronics,3,84.89,254.67
1855,2026-05-09,Customer_196,Notebook,Stationery,2,8.06,16.12
1856,2026-01-21,Customer_061,Backpack,Accessories,4,48.35,193.4
1857,2026-02-24,Customer_544,Desk,Furniture,4,264.32,1057.28
1858,2026-04-20,Customer_177,Backpack,Accessories,2,48.97,97.94
1859,2026-04-07,Customer_213,Pen,Stationery,2,3.03,6.06
1860,2026-02-04,Customer_039,Office Chair,Furniture,1,192.92,192.92
1861,2026-06-19,Customer_087,Laptop,Electronics,4,910.99,3643.96
1862,2026-06-07,Customer_457,Keyboard,Electronics,3,42.11,126.33
1863,2026-02-15,Customer_372,Desk,Furniture,1,233.26,233.26
1864,2026-04-14,Customer_597,Phone,Electronics,1,575.56,575.56
1865,2026-01-18,Customer_606,Office Chair,Furniture,2,165.01,330.02
1866,2026-05-06,Customer_235,Backpack,Accessories,3,42.67,128.01
1867,2026-05-18,Customer_115,Mouse,Electronics,2,25.1,50.2
1868,2026-01-28,Customer_011,Desk,Furniture,3,237.19,711.57
1869,2026-05-07,Customer_147,Office Chair,Furniture,3,188.98,566.94
1870,2026-06-01,Customer_584,Pen,Stationery,3,3.15,9.45
1871,2026-01-19,Customer_195,Backpack,Accessories,4,46.82,187.28
1872,2026-06-06,Customer_354,Headphones,Electronics,1,85.93,85.93
1873,2026-06-11,Customer_093,Laptop,Electronics,1,784.92,784.92
1874,2026-06-06,Customer_295,Notebook,Stationery,2,8.02,16.04
1875,2026-01-13,Customer_325,Backpack,Accessories,1,46.61,46.61
1876,2026-02-27,Customer_103,Keyboard,Electronics,1,40.66,40.66
1877,2026-01-17,Customer_171,Pen,Stationery,3,2.98,8.94
1878,2026-01-29,Customer_629,Backpack,Accessories,4,48.43,193.72
1879,2026-02-23,Customer_668,Pen,Stationery,4,3.15,12.6
1880,2026-04-03,Customer_505,Office Chair,Furniture,4,169.32,677.28
1881,2026-04-18,Customer_630,Pen,Stationery,3,2.97,8.91
1882,2026-03-24,Customer_659,Phone,Electronics,1,592.08,592.08
1883,2026-05-11,Customer_139,Keyboard,Electronics,2,43.99,87.98
1884,2026-05-26,Customer_435,Phone,Electronics,4,499.62,1998.48
1885,2026-01-06,Customer_185,Notebook,Stationery,4,8.56,34.24
1886,2026-04-26,Customer_049,Phone,Electronics,2,551.47,1102.94
1887,2026-03-20,Customer_532,Backpack,Accessories,1,44.52,44.52
1888,2026-01-03,Customer_694,Notebook,Stationery,3,8.33,24.99
1889,2026-05-12,Customer_507,Mouse,Electronics,3,25.78,77.34
1890,2026-04-17,Customer_096,Phone,Electronics,2,587.66,1175.32
1891,2026-05-17,Customer_348,Phone,Electronics,1,506.4,506.4
1892,2026-02-17,Customer_409,Mouse,Electronics,4,24.63,98.52
1893,2026-02-27,Customer_368,Desk,Furniture,4,250.9,1003.6
1894,2026-04-09,Customer_485,Headphones,Electronics,4,83.41,333.64
1895,2026-02-28,Customer_583,Pen,Stationery,3,3.23,9.69
1896,2026-06-06,Customer_442,Laptop,Electronics,4,893.98,3575.92
1897,2026-05-11,Customer_576,Backpack,Accessories,4,48.17,192.68
1898,2026-03-03,Customer_682,Office Chair,Furniture,4,169.28,677.12
1899,2026-02-28,Customer_040,Phone,Electronics,2,590.55,1181.1
1900,2026-05-18,Customer_300,Laptop,Electronics,2,883.35,1766.7
1901,2026-05-20,Customer_371,Backpack,Accessories,3,46.44,139.32
1902,2026-04-23,Customer_384,Office Chair,Furniture,1,171.51,171.51
1903,2026-06-15,Customer_222,Laptop,Electronics,2,810.82,1621.64
1904,2026-06-05,Customer_378,Mouse,Electronics,3,23.82,71.46
1905,2026-06-30,Customer_207,Mouse,Electronics,4,26.3,105.2
1906,2026-03-11,Customer_340,Backpack,Accessories,1,47.23,47.23
1907,2026-06-10,Customer_540,Notebook,Stationery,1,7.94,7.94
1908,2026-01-22,Customer_070,Keyboard,Electronics,4,42.69,170.76
1909,2026-01-05,Customer_120,Phone,Electronics,4,530.53,2122.12
1910,2026-02-25,Customer_366,Notebook,Stationery,4,8.38,33.52
1911,2026-04-14,Customer_077,Office Chair,Furniture,2,192.42,384.84
1912,2026-03-16,Customer_182,Office Chair,Furniture,4,191.76,767.04
1913,2026-05-20,Customer_299,Backpack,Accessories,3,49.48,148.44
1914,2026-06-12,Customer_351,Laptop,Electronics,3,768.81,2306.43
1915,2026-05-29,Customer_499,Office Chair,Furniture,3,162.49,487.47
1916,2026-02-17,Customer_501,Headphones,Electronics,2,72.23,144.46
1917,2026-06-01,Customer_114,Laptop,Electronics,4,817.52,3270.08
1918,2026-04-09,Customer_515,Keyboard,Electronics,1,44.12,44.12
1919,2026-03-24,Customer_537,Mouse,Electronics,1,25.69,25.69
1920,2026-01-19,Customer_683,Phone,Electronics,2,510.23,1020.46
1921,2026-06-02,Customer_276,Headphones,Electronics,3,86.85,260.55
1922,2026-04-20,Customer_695,Keyboard,Electronics,3,42.4,127.2
1923,2026-02-20,Customer_661,Phone,Electronics,4,589.71,2358.84
1924,2026-06-19,Customer_468,Office Chair,Furniture,1,180.14,180.14
1925,2026-02-01,Customer_189,Phone,Electronics,3,569.53,1708.59
1926,2026-04-30,Customer_471,Keyboard,Electronics,4,45.0,180.0
1927,2026-06-18,Customer_571,Pen,Stationery,1,2.74,2.74
1928,2026-05-30,Customer_064,Desk,Furniture,4,245.69,982.76
1929,2026-04-14,Customer_406,Office Chair,Furniture,2,186.04,372.08
1930,2026-04-03,Customer_430,Phone,Electronics,4,570.39,2281.56
1931,2026-06-10,Customer_375,Notebook,Stationery,2,8.3,16.6
1932,2026-06-15,Customer_643,Notebook,Stationery,2,7.84,15.68
1933,2026-03-07,Customer_438,Backpack,Accessories,3,45.84,137.52
1934,2026-06-17,Customer_150,Mouse,Electronics,4,22.83,91.32
1935,2026-06-07,Customer_640,Mouse,Electronics,4,23.73,94.92
1936,2026-06-23,Customer_519,Notebook,Stationery,4,7.8,31.2
1937,2026-03-29,Customer_256,Pen,Stationery,3,2.82,8.46
1938,2026-02-06,Customer_234,Laptop,Electronics,3,867.52,2602.56
1939,2026-02-26,Customer_264,Keyboard,Electronics,2,41.65,83.3
1940,2026-05-04,Customer_309,Desk,Furniture,4,265.85,1063.4
1941,2026-03-05,Customer_350,Headphones,Electronics,2,78.17,156.34
1942,2026-06-27,Customer_071,Backpack,Accessories,2,44.77,89.54
1943,2026-02-19,Customer_358,Notebook,Stationery,2,7.32,14.64
1944,2026-01-15,Customer_485,Mouse,Electronics,3,27.43,82.29
1945,2026-02-09,Customer_584,Notebook,Stationery,4,7.65,30.6
1946,2026-04-14,Customer_110,Notebook,Stationery,1,7.57,7.57
1947,2026-03-01,Customer_650,Desk,Furniture,4,242.77,971.08
1948,2026-05-05,Customer_013,Mouse,Electronics,1,23.35,23.35
1949,2026-01-04,Customer_223,Phone,Electronics,4,503.41,2013.64
1950,2026-03-29,Customer_376,Desk,Furniture,2,249.23,498.46
1951,2026-04-29,Customer_011,Keyboard,Electronics,4,45.73,182.92
1952,2026-06-17,Customer_128,Notebook,Stationery,3,7.21,21.63
1953,2026-03-01,Customer_446,Desk,Furniture,1,247.09,247.09
1954,2026-02-26,Customer_439,Backpack,Accessories,1,44.27,44.27
1955,2026-01-09,Customer_089,Phone,Electronics,3,604.1,1812.3
1956,2026-05-25,Customer_399,Backpack,Accessories,3,40.9,122.7
1957,2026-06-16,Customer_525,Laptop,Electronics,4,916.22,3664.88
1958,2026-05-28,Customer_218,Keyboard,Electronics,2,44.74,89.48
1959,2026-03-17,Customer_428,Office Chair,Furniture,3,185.69,557.07
1960,2026-02-17,Customer_018,Desk,Furniture,3,247.7,743.1
1961,2026-03-30,Customer_224,Notebook,Stationery,1,8.62,8.62
1962,2026-05-14,Customer_589,Pen,Stationery,4,2.99,11.96
1963,2026-04-05,Customer_310,Mouse,Electronics,4,25.26,101.04
1964,2026-01-25,Customer_672,Office Chair,Furniture,3,182.55,547.65
1965,2026-02-22,Customer_451,Headphones,Electronics,1,78.5,78.5
1966,2026-05-30,Customer_608,Office Chair,Furniture,4,182.12,728.48
1967,2026-03-03,Customer_185,Office Chair,Furniture,2,171.1,342.2
1968,2026-05-18,Customer_387,Laptop,Electronics,3,908.67,2726.01
1969,2026-03-10,Customer_308,Pen,Stationery,3,2.83,8.49
1970,2026-03-25,Customer_487,Office Chair,Furniture,4,162.02,648.08
1971,2026-05-07,Customer_626,Laptop,Electronics,4,829.01,3316.04
1972,2026-03-22,Customer_481,Laptop,Electronics,3,798.92,2396.76
1973,2026-06-01,Customer_058,Notebook,Stationery,2,8.72,17.44
1974,2026-01-23,Customer_686,Notebook,Stationery,4,8.68,34.72
1975,2026-04-21,Customer_699,Desk,Furniture,1,248.31,248.31
1976,2026-01-16,Customer_002,Office Chair,Furniture,2,180.47,360.94
1977,2026-01-30,Customer_013,Phone,Electronics,1,572.89,572.89
1978,2026-03-23,Customer_171,Keyboard,Electronics,2,42.34,84.68
1979,2026-02-24,Customer_467,Mouse,Electronics,3,27.05,81.15
1980,2026-04-18,Customer_479,Keyboard,Electronics,3,46.14,138.42
1981,2026-06-07,Customer_417,Pen,Stationery,4,3.26,13.04
1982,2026-04-21,Customer_001,Headphones,Electronics,3,79.18,237.54
1983,2026-01-09,Customer_140,Laptop,Electronics,1,783.97,783.97
1984,2026-05-16,Customer_072,Laptop,Electronics,3,901.25,2703.75
1985,2026-04-25,Customer_139,Desk,Furniture,3,257.58,772.74
1986,2026-06-09,Customer_506,Keyboard,Electronics,1,48.02,48.02
1987,2026-02-25,Customer_390,Office Chair,Furniture,2,173.45,346.9
1988,2026-02-23,Customer_233,Laptop,Electronics,3,836.16,2508.48
1989,2026-03-29,Customer_149,Headphones,Electronics,2,82.69,165.38
1990,2026-03-24,Customer_668,Laptop,Electronics,2,880.34,1760.68
1991,2026-01-28,Customer_550,Desk,Furniture,1,269.24,269.24
1992,2026-03-09,Customer_218,Laptop,Electronics,3,822.76,2468.28
1993,2026-01-13,Customer_308,Backpack,Accessories,4,45.39,181.56
1994,2026-03-24,Customer_186,Headphones,Electronics,2,73.26,146.52
1995,2026-01-28,Customer_210,Notebook,Stationery,1,8.7,8.7
1996,2026-04-24,Customer_492,Pen,Stationery,3,2.8,8.4
1997,2026-03-17,Customer_287,Notebook,Stationery,3,8.75,26.25
1998,2026-01-25,Customer_511,Phone,Electronics,3,522.13,1566.39
1999,2026-04-28,Customer_073,Backpack,Accessories,4,47.28,189.12
2000,2026-01-10,Customer_211,Headphones,Electronics,4,85.08,340.32
2001,2026-01-27,Customer_464,Laptop,Electronics,3,843.61,2530.83
2002,2026-04-15,Customer_693,Backpack,Accessories,3,44.12,132.36
2003,2026-04-05,Customer_434,Mouse,Electronics,4,27.05,108.2
2004,2026-03-28,Customer_688,Desk,Furniture,4,238.58,954.32
2005,2026-03-30,Customer_578,Headphones,Electronics,2,81.66,163.32
2006,2026-03-25,Customer_433,Mouse,Electronics,2,23.37,46.74
2007,2026-04-26,Customer_294,Backpack,Accessories,2,41.73,83.46
2008,2026-02-15,Customer_025,Keyboard,Electronics,4,41.55,166.2
2009,2026-05-13,Customer_070,Laptop,Electronics,3,823.47,2470.41
2010,2026-02-16,Customer_471,Mouse,Electronics,3,27.16,81.48
2011,2026-04-14,Customer_663,Headphones,Electronics,4,78.39,313.56
2012,2026-03-30,Customer_180,Laptop,Electronics,4,905.51,3622.04
2013,2026-03-02,Customer_192,Keyboard,Electronics,2,45.69,91.38
2014,2026-02-24,Customer_549,Notebook,Stationery,3,8.77,26.31
2015,2026-04-03,Customer_197,Pen,Stationery,3,3.06,9.18
2016,2026-04-14,Customer_700,Headphones,Electronics,2,85.82,171.64
2017,2026-04-18,Customer_602,Notebook,Stationery,3,8.1,24.3
2018,2026-05-05,Customer_438,Backpack,Accessories,2,42.84,85.68
2019,2026-06-11,Customer_247,Mouse,Electronics,1,25.96,25.96
2020,2026-01-22,Customer_552,Keyboard,Electronics,3,45.67,137.01
2021,2026-06-19,Customer_405,Laptop,Electronics,2,846.15,1692.3
2022,2026-01-08,Customer_687,Laptop,Electronics,1,859.74,859.74
2023,2026-05-21,Customer_657,Office Chair,Furniture,1,174.9,174.9
2024,2026-06-22,Customer_163,Notebook,Stationery,1,8.12,8.12
2025,2026-01-27,Customer_269,Laptop,Electronics,3,816.56,2449.68
2026,2026-06-12,Customer_060,Office Chair,Furniture,1,195.61,195.61
2027,2026-02-18,Customer_407,Pen,Stationery,2,2.72,5.44
2028,2026-01-05,Customer_532,Office Chair,Furniture,2,185.55,371.1
2029,2026-05-26,Customer_388,Laptop,Electronics,1,886.51,886.51
2030,2026-01-13,Customer_384,Desk,Furniture,3,255.64,766.92
2031,2026-06-12,Customer_337,Headphones,Electronics,3,75.7,227.1
2032,2026-06-12,Customer_122,Notebook,Stationery,4,8.18,32.72
2033,2026-05-25,Customer_327,Phone,Electronics,1,543.85,543.85
2034,2026-06-13,Customer_141,Office Chair,Furniture,2,181.36,362.72
2035,2026-06-14,Customer_463,Mouse,Electronics,4,23.28,93.12
2036,2026-05-24,Customer_190,Mouse,Electronics,1,23.6,23.6
2037,2026-04-06,Customer_237,Phone,Electronics,3,505.53,1516.59
2038,2026-05-16,Customer_171,Pen,Stationery,3,2.83,8.49
2039,2026-01-08,Customer_583,Notebook,Stationery,4,8.67,34.68
2040,2026-05-05,Customer_313,Headphones,Electronics,2,84.04,168.08
2041,2026-05-26,Customer_197,Keyboard,Electronics,1,44.08,44.08
2042,2026-04-08,Customer_171,Desk,Furniture,1,225.4,225.4
2043,2026-05-02,Customer_494,Mouse,Electronics,1,27.08,27.08
2044,2026-02-01,Customer_618,Phone,Electronics,3,548.24,1644.72
2045,2026-04-06,Customer_457,Keyboard,Electronics,2,45.66,91.32
2046,2026-04-22,Customer_376,Headphones,Electronics,2,72.1,144.2
2047,2026-05-25,Customer_096,Mouse,Electronics,3,24.48,73.44
2048,2026-02-10,Customer_416,Office Chair,Furniture,4,191.0,764.0
2049,2026-01-22,Customer_193,Mouse,Electronics,2,26.42,52.84
2050,2026-01-11,Customer_515,Pen,Stationery,4,2.81,11.24
2051,2026-01-14,Customer_225,Phone,Electronics,1,528.49,528.49
2052,2026-03-14,Customer_083,Keyboard,Electronics,3,44.97,134.91
2053,2026-01-30,Customer_281,Phone,Electronics,1,557.2,557.2
2054,2026-01-25,Customer_586,Backpack,Accessories,1,46.71,46.71
2055,2026-04-04,Customer_375,Pen,Stationery,1,3.1,3.1
2056,2026-04-26,Customer_048,Phone,Electronics,2,520.72,1041.44
2057,2026-01-11,Customer_597,Keyboard,Electronics,2,49.27,98.54
2058,2026-05-06,Customer_576,Phone,Electronics,4,498.95,1995.8
2059,2026-02-23,Customer_331,Laptop,Electronics,3,831.79,2495.37
2060,2026-03-31,Customer_656,Office Chair,Furniture,1,190.35,190.35
2061,2026-06-24,Customer_239,Backpack,Accessories,4,43.78,175.12
2062,2026-05-12,Customer_642,Backpack,Accessories,3,45.32,135.96
2063,2026-03-20,Customer_072,Desk,Furniture,3,243.74,731.22
2064,2026-06-23,Customer_575,Notebook,Stationery,4,7.88,31.52
2065,2026-02-12,Customer_017,Laptop,Electronics,4,809.1,3236.4
2066,2026-01-08,Customer_090,Mouse,Electronics,4,22.75,91.0
2067,2026-06-24,Customer_076,Keyboard,Electronics,2,43.02,86.04
2068,2026-01-14,Customer_071,Mouse,Electronics,4,26.3,105.2
2069,2026-01-29,Customer_195,Mouse,Electronics,3,25.15,75.45
2070,2026-01-19,Customer_461,Backpack,Accessories,1,47.75,47.75
2071,2026-01-27,Customer_311,Mouse,Electronics,1,23.25,23.25
2072,2026-03-11,Customer_164,Phone,Electronics,2,508.81,1017.62
2073,2026-05-26,Customer_030,Headphones,Electronics,3,84.85,254.55
2074,2026-06-20,Customer_221,Mouse,Electronics,2,24.19,48.38
2075,2026-04-21,Customer_550,Office Chair,Furniture,4,186.21,744.84
2076,2026-05-28,Customer_009,Mouse,Electronics,2,24.48,48.96
2077,2026-05-28,Customer_638,Keyboard,Electronics,2,46.54,93.08
2078,2026-02-13,Customer_589,Backpack,Accessories,1,41.91,41.91
2079,2026-05-15,Customer_580,Headphones,Electronics,2,84.7,169.4
2080,2026-05-08,Customer_163,Pen,Stationery,1,3.22,3.22
2081,2026-03-24,Customer_607,Keyboard,Electronics,4,46.07,184.28
2082,2026-04-26,Customer_138,Phone,Electronics,2,531.33,1062.66
2083,2026-01-17,Customer_144,Desk,Furniture,1,246.48,246.48
2084,2026-03-29,Customer_129,Desk,Furniture,1,263.98,263.98
2085,2026-06-03,Customer_306,Laptop,Electronics,1,848.68,848.68
2086,2026-03-06,Customer_559,Keyboard,Electronics,2,47.62,95.24
2087,2026-04-16,Customer_108,Headphones,Electronics,2,76.61,153.22
2088,2026-02-19,Customer_171,Headphones,Electronics,4,74.43,297.72
2089,2026-01-27,Customer_182,Phone,Electronics,1,570.08,570.08
2090,2026-03-01,Customer_694,Mouse,Electronics,2,23.22,46.44
2091,2026-04-06,Customer_381,Backpack,Accessories,4,48.99,195.96
2092,2026-03-18,Customer_361,Office Chair,Furniture,2,171.04,342.08
2093,2026-01-22,Customer_185,Mouse,Electronics,2,22.72,45.44
2094,2026-02-10,Customer_336,Phone,Electronics,4,547.64,2190.56
2095,2026-03-07,Customer_012,Notebook,Stationery,1,7.94,7.94
2096,2026-01-10,Customer_505,Phone,Electronics,4,498.06,1992.24
2097,2026-03-01,Customer_578,Laptop,Electronics,3,858.18,2574.54
2098,2026-06-01,Customer_386,Pen,Stationery,2,2.94,5.88
2099,2026-01-15,Customer_524,Keyboard,Electronics,4,41.99,167.96
2100,2026-04-13,Customer_280,Keyboard,Electronics,2,45.42,90.84
2101,2026-04-11,Customer_658,Notebook,Stationery,2,8.48,16.96
2102,2026-02-27,Customer_332,Office Chair,Furniture,4,192.66,770.64
2103,2026-06-22,Customer_420,Office Chair,Furniture,2,190.25,380.5
2104,2026-04-10,Customer_440,Pen,Stationery,4,3.11,12.44
2105,2026-06-13,Customer_148,Phone,Electronics,2,527.54,1055.08
2106,2026-04-19,Customer_123,Keyboard,Electronics,4,43.43,173.72
2107,2026-05-20,Customer_337,Desk,Furniture,2,231.37,462.74
2108,2026-02-15,Customer_527,Laptop,Electronics,1,843.31,843.31
2109,2026-02-13,Customer_610,Keyboard,Electronics,1,48.55,48.55
2110,2026-03-28,Customer_616,Laptop,Electronics,1,886.06,886.06
2111,2026-01-17,Customer_476,Headphones,Electronics,2,72.21,144.42
2112,2026-02-01,Customer_251,Mouse,Electronics,3,26.99,80.97
2113,2026-01-29,Customer_326,Pen,Stationery,3,2.93,8.79
2114,2026-06-22,Customer_508,Pen,Stationery,4,2.76,11.04
2115,2026-06-21,Customer_608,Desk,Furniture,3,273.84,821.52
2116,2026-06-06,Customer_054,Backpack,Accessories,4,49.46,197.84
2117,2026-02-15,Customer_193,Backpack,Accessories,1,43.25,43.25
2118,2026-03-22,Customer_326,Notebook,Stationery,1,8.31,8.31
2119,2026-06-10,Customer_131,Headphones,Electronics,1,81.26,81.26
2120,2026-04-19,Customer_276,Pen,Stationery,3,3.22,9.66
2121,2026-01-19,Customer_102,Pen,Stationery,2,2.88,5.76
2122,2026-04-21,Customer_043,Headphones,Electronics,4,74.01,296.04
2123,2026-02-11,Customer_627,Backpack,Accessories,3,45.77,137.31
2124,2026-06-05,Customer_137,Mouse,Electronics,4,22.79,91.16
2125,2026-02-08,Customer_435,Desk,Furniture,2,227.4,454.8
2126,2026-02-11,Customer_411,Office Chair,Furniture,2,179.93,359.86
2127,2026-05-14,Customer_369,Backpack,Accessories,4,48.58,194.32
2128,2026-03-13,Customer_443,Mouse,Electronics,2,26.97,53.94
2129,2026-01-07,Customer_267,Desk,Furniture,1,274.83,274.83
2130,2026-05-20,Customer_666,Office Chair,Furniture,2,174.14,348.28
2131,2026-02-20,Customer_629,Keyboard,Electronics,2,47.09,94.18
2132,2026-05-01,Customer_269,Pen,Stationery,1,3.12,3.12
2133,2026-04-26,Customer_630,Mouse,Electronics,3,27.15,81.45
2134,2026-01-07,Customer_366,Backpack,Accessories,3,43.83,131.49
2135,2026-06-22,Customer_498,Pen,Stationery,2,3.19,6.38
2136,2026-01-29,Customer_467,Laptop,Electronics,4,793.23,3172.92
2137,2026-02-04,Customer_348,Laptop,Electronics,3,841.8,2525.4
2138,2026-06-07,Customer_500,Notebook,Stationery,1,7.86,7.86
2139,2026-04-16,Customer_507,Keyboard,Electronics,4,44.62,178.48
2140,2026-06-15,Customer_320,Desk,Furniture,1,272.03,272.03
2141,2026-01-22,Customer_169,Backpack,Accessories,2,42.86,85.72
2142,2026-05-05,Customer_306,Office Chair,Furniture,3,174.17,522.51
2143,2026-01-01,Customer_188,Phone,Electronics,4,575.78,2303.12
2144,2026-06-20,Customer_502,Backpack,Accessories,4,45.47,181.88
2145,2026-06-27,Customer_457,Headphones,Electronics,4,77.53,310.12
2146,2026-02-05,Customer_635,Pen,Stationery,2,2.8,5.6
2147,2026-06-06,Customer_528,Headphones,Electronics,3,85.92,257.76
2148,2026-01-31,Customer_260,Keyboard,Electronics,1,45.21,45.21
2149,2026-06-23,Customer_039,Pen,Stationery,4,2.82,11.28
2150,2026-01-22,Customer_203,Phone,Electronics,4,595.74,2382.96
2151,2026-02-05,Customer_530,Backpack,Accessories,1,42.26,42.26
2152,2026-01-01,Customer_383,Backpack,Accessories,2,49.24,98.48
2153,2026-05-14,Customer_582,Notebook,Stationery,4,7.85,31.4
2154,2026-04-11,Customer_607,Keyboard,Electronics,2,46.55,93.1
2155,2026-02-02,Customer_229,Office Chair,Furniture,2,162.79,325.58
2156,2026-05-17,Customer_246,Keyboard,Electronics,4,47.83,191.32
2157,2026-06-10,Customer_117,Phone,Electronics,4,497.65,1990.6
2158,2026-06-21,Customer_274,Headphones,Electronics,3,86.44,259.32
2159,2026-06-15,Customer_421,Backpack,Accessories,1,48.02,48.02
2160,2026-04-05,Customer_378,Mouse,Electronics,3,25.44,76.32
2161,2026-04-23,Customer_098,Notebook,Stationery,2,7.55,15.1
2162,2026-05-07,Customer_134,Backpack,Accessories,1,44.51,44.51
2163,2026-03-26,Customer_567,Desk,Furniture,4,245.76,983.04
2164,2026-06-28,Customer_631,Laptop,Electronics,1,768.57,768.57
2165,2026-05-30,Customer_416,Keyboard,Electronics,3,47.59,142.77
2166,2026-02-22,Customer_480,Backpack,Accessories,3,46.5,139.5
2167,2026-01-15,Customer_123,Headphones,Electronics,3,83.88,251.64
2168,2026-01-29,Customer_035,Office Chair,Furniture,4,176.32,705.28
2169,2026-03-18,Customer_349,Headphones,Electronics,3,78.12,234.36
2170,2026-05-02,Customer_340,Mouse,Electronics,3,22.81,68.43
2171,2026-02-14,Customer_136,Desk,Furniture,4,253.3,1013.2
2172,2026-01-09,Customer_334,Keyboard,Electronics,1,48.76,48.76
2173,2026-03-12,Customer_614,Phone,Electronics,1,594.3,594.3
2174,2026-04-23,Customer_428,Laptop,Electronics,2,925.82,1851.64
2175,2026-04-20,Customer_369,Pen,Stationery,2,2.8,5.6
2176,2026-06-03,Customer_494,Pen,Stationery,4,2.91,11.64
2177,2026-06-20,Customer_134,Keyboard,Electronics,3,40.92,122.76
2178,2026-05-21,Customer_555,Phone,Electronics,3,495.46,1486.38
2179,2026-04-02,Customer_179,Notebook,Stationery,3,8.43,25.29
2180,2026-05-17,Customer_232,Mouse,Electronics,4,24.18,96.72
2181,2026-02-15,Customer_249,Phone,Electronics,4,600.24,2400.96
2182,2026-05-16,Customer_518,Notebook,Stationery,4,7.38,29.52
2183,2026-06-22,Customer_269,Keyboard,Electronics,1,40.96,40.96
2184,2026-03-23,Customer_367,Phone,Electronics,2,559.65,1119.3
2185,2026-02-14,Customer_370,Phone,Electronics,3,533.49,1600.47
2186,2026-05-27,Customer_035,Desk,Furniture,1,259.36,259.36
2187,2026-01-14,Customer_374,Notebook,Stationery,1,8.21,8.21
2188,2026-06-20,Customer_663,Notebook,Stationery,2,7.51,15.02
2189,2026-03-17,Customer_439,Laptop,Electronics,3,853.72,2561.16
2190,2026-06-29,Customer_253,Laptop,Electronics,1,882.65,882.65
2191,2026-04-08,Customer_127,Headphones,Electronics,4,80.78,323.12
2192,2026-03-18,Customer_638,Desk,Furniture,4,274.83,1099.32
2193,2026-01-16,Customer_540,Headphones,Electronics,4,87.91,351.64
2194,2026-03-13,Customer_236,Desk,Furniture,3,253.59,760.77
2195,2026-01-26,Customer_085,Pen,Stationery,1,2.82,2.82
2196,2026-05-31,Customer_627,Desk,Furniture,3,260.04,780.12
2197,2026-04-06,Customer_158,Phone,Electronics,3,521.82,1565.46
2198,2026-05-29,Customer_313,Desk,Furniture,3,240.75,722.25
2199,2026-06-21,Customer_466,Notebook,Stationery,3,8.52,25.56
2200,2026-06-28,Customer_682,Desk,Furniture,2,227.17,454.34
2201,2026-04-01,Customer_646,Pen,Stationery,1,3.04,3.04
2202,2026-01-31,Customer_533,Backpack,Accessories,4,45.99,183.96
2203,2026-03-18,Customer_177,Desk,Furniture,4,238.07,952.28
2204,2026-04-27,Customer_604,Laptop,Electronics,4,852.33,3409.32
2205,2026-01-25,Customer_058,Phone,Electronics,1,549.59,549.59
2206,2026-02-07,Customer_075,Phone,Electronics,4,509.15,2036.6
2207,2026-04-27,Customer_355,Laptop,Electronics,4,770.26,3081.04
2208,2026-04-26,Customer_344,Headphones,Electronics,2,82.27,164.54
2209,2026-06-02,Customer_429,Laptop,Electronics,4,785.69,3142.76
2210,2026-03-30,Customer_221,Headphones,Electronics,3,78.87,236.61
2211,2026-01-16,Customer_182,Headphones,Electronics,1,81.15,81.15
2212,2026-05-27,Customer_481,Phone,Electronics,4,516.85,2067.4
2213,2026-05-26,Customer_546,Pen,Stationery,1,3.06,3.06
2214,2026-01-21,Customer_634,Office Chair,Furniture,4,191.94,767.76
2215,2026-02-08,Customer_287,Backpack,Accessories,2,45.16,90.32
2216,2026-01-18,Customer_600,Mouse,Electronics,1,26.56,26.56
2217,2026-01-15,Customer_516,Notebook,Stationery,1,7.69,7.69
2218,2026-06-03,Customer_388,Laptop,Electronics,4,821.57,3286.28
2219,2026-05-01,Customer_069,Desk,Furniture,1,253.23,253.23
2220,2026-05-26,Customer_623,Phone,Electronics,1,597.49,597.49
2221,2026-06-19,Customer_621,Backpack,Accessories,1,43.08,43.08
2222,2026-01-08,Customer_067,Pen,Stationery,2,2.85,5.7
2223,2026-04-09,Customer_485,Backpack,Accessories,1,42.39,42.39
2224,2026-05-21,Customer_268,Keyboard,Electronics,2,48.71,97.42
2225,2026-03-14,Customer_308,Desk,Furniture,2,259.02,518.04
2226,2026-03-01,Customer_615,Notebook,Stationery,4,8.23,32.92
2227,2026-05-31,Customer_669,Backpack,Accessories,3,48.48,145.44
2228,2026-03-30,Customer_434,Mouse,Electronics,4,22.77,91.08
2229,2026-05-10,Customer_665,Backpack,Accessories,3,46.19,138.57
2230,2026-04-29,Customer_582,Headphones,Electronics,2,74.36,148.72
2231,2026-03-16,Customer_192,Keyboard,Electronics,3,44.08,132.24
2232,2026-05-06,Customer_367,Notebook,Stationery,1,7.79,7.79
2233,2026-02-04,Customer_183,Laptop,Electronics,3,927.57,2782.71
2234,2026-01-07,Customer_542,Headphones,Electronics,1,73.0,73.0
2235,2026-04-21,Customer_232,Headphones,Electronics,4,73.32,293.28
2236,2026-03-21,Customer_500,Headphones,Electronics,2,80.73,161.46
2237,2026-06-22,Customer_007,Backpack,Accessories,2,42.96,85.92
2238,2026-01-06,Customer_215,Office Chair,Furniture,1,173.81,173.81
2239,2026-03-22,Customer_686,Notebook,Stationery,3,8.02,24.06
2240,2026-04-25,Customer_482,Headphones,Electronics,3,85.78,257.34
2241,2026-03-19,Customer_602,Keyboard,Electronics,2,46.46,92.92
2242,2026-02-28,Customer_328,Headphones,Electronics,4,76.63,306.52
2243,2026-02-28,Customer_327,Pen,Stationery,1,3.12,3.12
2244,2026-02-25,Customer_035,Headphones,Electronics,2,76.91,153.82
2245,2026-01-07,Customer_283,Laptop,Electronics,3,802.01,2406.03
2246,2026-06-21,Customer_087,Pen,Stationery,3,3.2,9.6
2247,2026-04-27,Customer_690,Mouse,Electronics,1,25.06,25.06
2248,2026-05-07,Customer_209,Headphones,Electronics,4,85.26,341.04
2249,2026-01-03,Customer_372,Headphones,Electronics,4,79.5,318.0
2250,2026-04-22,Customer_253,Laptop,Electronics,4,888.31,3553.24
2251,2026-05-31,Customer_050,Office Chair,Furniture,2,173.74,347.48
2252,2026-03-20,Customer_582,Phone,Electronics,4,520.64,2082.56
2253,2026-03-20,Customer_387,Pen,Stationery,2,3.17,6.34
2254,2026-04-06,Customer_256,Mouse,Electronics,1,23.61,23.61
2255,2026-02-03,Customer_446,Pen,Stationery,1,3.01,3.01
2256,2026-06-08,Customer_550,Notebook,Stationery,3,7.6,22.8
2257,2026-04-11,Customer_601,Notebook,Stationery,2,7.86,15.72
2258,2026-03-26,Customer_445,Keyboard,Electronics,2,42.26,84.52
2259,2026-01-16,Customer_306,Backpack,Accessories,4,44.27,177.08
2260,2026-01-17,Customer_442,Desk,Furniture,2,271.54,543.08
2261,2026-06-16,Customer_482,Office Chair,Furniture,1,197.85,197.85
2262,2026-03-10,Customer_069,Mouse,Electronics,4,24.23,96.92
2263,2026-04-15,Customer_165,Notebook,Stationery,1,7.87,7.87
2264,2026-03-07,Customer_265,Mouse,Electronics,2,26.72,53.44
2265,2026-01-22,Customer_674,Desk,Furniture,1,231.02,231.02
2266,2026-04-20,Customer_609,Phone,Electronics,3,597.17,1791.51
2267,2026-04-07,Customer_513,Notebook,Stationery,4,8.02,32.08
2268,2026-03-23,Customer_283,Laptop,Electronics,4,804.86,3219.44
2269,2026-03-11,Customer_318,Phone,Electronics,3,577.53,1732.59
2270,2026-02-25,Customer_625,Notebook,Stationery,2,7.92,15.84
2271,2026-04-23,Customer_229,Desk,Furniture,1,250.44,250.44
2272,2026-03-20,Customer_658,Desk,Furniture,2,225.5,451.0
2273,2026-04-08,Customer_071,Notebook,Stationery,2,8.78,17.56
2274,2026-02-09,Customer_582,Office Chair,Furniture,2,181.38,362.76
2275,2026-02-18,Customer_052,Phone,Electronics,3,524.38,1573.14
2276,2026-03-19,Customer_521,Backpack,Accessories,3,41.6,124.8
2277,2026-05-08,Customer_532,Notebook,Stationery,3,7.2,21.6
2278,2026-03-06,Customer_694,Laptop,Electronics,1,804.71,804.71
2279,2026-06-24,Customer_083,Office Chair,Furniture,3,164.21,492.63
2280,2026-03-01,Customer_611,Office Chair,Furniture,3,194.59,583.77
2281,2026-06-06,Customer_499,Pen,Stationery,2,2.76,5.52
2282,2026-01-31,Customer_158,Phone,Electronics,3,604.32,1812.96
2283,2026-02-07,Customer_398,Desk,Furniture,1,267.22,267.22
2284,2026-01-22,Customer_568,Desk,Furniture,3,241.31,723.93
2285,2026-02-04,Customer_114,Laptop,Electronics,4,911.99,3647.96
2286,2026-06-14,Customer_321,Headphones,Electronics,1,75.95,75.95
2287,2026-06-30,Customer_528,Office Chair,Furniture,4,169.64,678.56
2288,2026-03-06,Customer_612,Backpack,Accessories,4,48.68,194.72
2289,2026-05-01,Customer_699,Desk,Furniture,3,234.96,704.88
2290,2026-03-12,Customer_108,Phone,Electronics,2,599.78,1199.56
2291,2026-03-19,Customer_016,Desk,Furniture,4,259.56,1038.24
2292,2026-01-10,Customer_434,Laptop,Electronics,1,906.07,906.07
2293,2026-05-30,Customer_340,Laptop,Electronics,2,785.1,1570.2
2294,2026-02-27,Customer_198,Headphones,Electronics,2,75.53,151.06
2295,2026-04-07,Customer_279,Desk,Furniture,2,235.49,470.98
2296,2026-03-20,Customer_044,Backpack,Accessories,1,40.89,40.89
2297,2026-04-19,Customer_567,Pen,Stationery,1,2.78,2.78
2298,2026-02-24,Customer_609,Desk,Furniture,2,244.08,488.16
2299,2026-03-19,Customer_154,Headphones,Electronics,3,82.06,246.18
2300,2026-06-06,Customer_546,Laptop,Electronics,1,855.29,855.29
2301,2026-03-12,Customer_515,Backpack,Accessories,4,46.77,187.08
2302,2026-02-12,Customer_617,Laptop,Electronics,1,818.33,818.33
2303,2026-01-06,Customer_103,Backpack,Accessories,3,47.92,143.76
2304,2026-06-07,Customer_126,Laptop,Electronics,1,798.44,798.44
2305,2026-06-19,Customer_056,Pen,Stationery,4,2.92,11.68
2306,2026-06-04,Customer_284,Laptop,Electronics,4,844.74,3378.96
2307,2026-05-10,Customer_639,Mouse,Electronics,2,26.92,53.84
2308,2026-01-15,Customer_601,Desk,Furniture,4,226.27,905.08
2309,2026-03-15,Customer_537,Keyboard,Electronics,4,42.67,170.68
2310,2026-06-15,Customer_041,Notebook,Stationery,4,7.53,30.12
2311,2026-04-07,Customer_657,Notebook,Stationery,1,8.56,8.56
2312,2026-04-06,Customer_318,Notebook,Stationery,1,7.75,7.75
2313,2026-01-17,Customer_117,Phone,Electronics,4,558.97,2235.88
2314,2026-03-26,Customer_661,Phone,Electronics,3,526.06,1578.18
2315,2026-03-15,Customer_274,Backpack,Accessories,4,43.21,172.84
2316,2026-02-14,Customer_082,Laptop,Electronics,1,916.34,916.34
2317,2026-06-06,Customer_132,Phone,Electronics,3,576.17,1728.51
2318,2026-04-30,Customer_559,Pen,Stationery,1,2.85,2.85
2319,2026-01-15,Customer_247,Headphones,Electronics,2,86.71,173.42
2320,2026-06-03,Customer_154,Laptop,Electronics,2,906.0,1812.0
2321,2026-05-11,Customer_450,Laptop,Electronics,2,859.1,1718.2
2322,2026-06-10,Customer_588,Laptop,Electronics,4,823.11,3292.44
2323,2026-04-17,Customer_049,Desk,Furniture,2,243.16,486.32
2324,2026-02-21,Customer_630,Desk,Furniture,2,262.08,524.16
2325,2026-05-24,Customer_408,Office Chair,Furniture,2,178.05,356.1
2326,2026-01-25,Customer_266,Office Chair,Furniture,4,175.95,703.8
2327,2026-06-06,Customer_487,Office Chair,Furniture,4,179.29,717.16
2328,2026-03-12,Customer_233,Backpack,Accessories,2,45.87,91.74
2329,2026-06-10,Customer_538,Pen,Stationery,1,2.93,2.93
2330,2026-06-29,Customer_068,Backpack,Accessories,3,46.02,138.06
2331,2026-04-18,Customer_286,Laptop,Electronics,4,928.56,3714.24
2332,2026-06-10,Customer_590,Notebook,Stationery,2,7.91,15.82
2333,2026-01-26,Customer_661,Mouse,Electronics,4,22.7,90.8
2334,2026-03-28,Customer_079,Desk,Furniture,1,266.95,266.95
2335,2026-05-04,Customer_130,Mouse,Electronics,4,26.14,104.56
2336,2026-05-11,Customer_183,Notebook,Stationery,2,8.57,17.14
2337,2026-03-19,Customer_339,Phone,Electronics,4,566.33,2265.32
2338,2026-05-14,Customer_192,Mouse,Electronics,2,23.04,46.08
2339,2026-06-29,Customer_123,Office Chair,Furniture,2,173.73,347.46
2340,2026-03-12,Customer_480,Headphones,Electronics,2,75.31,150.62
2341,2026-02-22,Customer_619,Keyboard,Electronics,4,43.7,174.8
2342,2026-03-10,Customer_523,Headphones,Electronics,2,83.84,167.68
2343,2026-06-30,Customer_293,Pen,Stationery,3,2.78,8.34
2344,2026-01-17,Customer_154,Keyboard,Electronics,4,43.4,173.6
2345,2026-01-11,Customer_422,Notebook,Stationery,2,8.27,16.54
2346,2026-02-04,Customer_631,Desk,Furniture,2,259.81,519.62
2347,2026-02-07,Customer_364,Desk,Furniture,2,251.61,503.22
2348,2026-01-10,Customer_634,Laptop,Electronics,1,899.62,899.62
2349,2026-04-25,Customer_516,Backpack,Accessories,1,46.87,46.87
2350,2026-03-26,Customer_214,Pen,Stationery,4,3.05,12.2
2351,2026-01-19,Customer_642,Laptop,Electronics,2,865.59,1731.18
2352,2026-05-16,Customer_637,Headphones,Electronics,3,81.97,245.91
2353,2026-05-07,Customer_652,Pen,Stationery,2,3.02,6.04
2354,2026-05-19,Customer_636,Keyboard,Electronics,4,42.28,169.12
2355,2026-04-22,Customer_008,Mouse,Electronics,1,24.43,24.43
2356,2026-01-14,Customer_438,Phone,Electronics,1,583.56,583.56
2357,2026-02-19,Customer_478,Desk,Furniture,4,271.13,1084.52
2358,2026-05-15,Customer_129,Backpack,Accessories,2,48.03,96.06
2359,2026-02-13,Customer_086,Backpack,Accessories,3,40.87,122.61
2360,2026-05-14,Customer_657,Headphones,Electronics,2,73.01,146.02
2361,2026-02-20,Customer_266,Notebook,Stationery,4,7.74,30.96
2362,2026-03-11,Customer_057,Desk,Furniture,4,248.77,995.08
2363,2026-01-18,Customer_352,Backpack,Accessories,3,42.8,128.4
2364,2026-06-29,Customer_544,Backpack,Accessories,2,44.7,89.4
2365,2026-01-23,Customer_057,Mouse,Electronics,4,26.67,106.68
2366,2026-01-31,Customer_576,Desk,Furniture,4,272.19,1088.76
2367,2026-01-02,Customer_530,Laptop,Electronics,1,771.79,771.79
2368,2026-02-04,Customer_435,Phone,Electronics,1,557.8,557.8
2369,2026-04-20,Customer_088,Notebook,Stationery,1,8.62,8.62
2370,2026-02-22,Customer_343,Mouse,Electronics,1,27.33,27.33
2371,2026-06-13,Customer_161,Notebook,Stationery,1,7.66,7.66
2372,2026-05-27,Customer_210,Keyboard,Electronics,2,44.84,89.68
2373,2026-01-23,Customer_251,Office Chair,Furniture,4,173.45,693.8
2374,2026-01-24,Customer_546,Keyboard,Electronics,1,44.87,44.87
2375,2026-02-26,Customer_112,Keyboard,Electronics,2,45.42,90.84
2376,2026-01-13,Customer_339,Headphones,Electronics,2,80.24,160.48
2377,2026-03-17,Customer_108,Phone,Electronics,1,589.67,589.67
2378,2026-01-02,Customer_639,Keyboard,Electronics,3,48.89,146.67
2379,2026-03-29,Customer_204,Desk,Furniture,4,262.31,1049.24
2380,2026-03-14,Customer_544,Keyboard,Electronics,1,46.34,46.34
2381,2026-03-15,Customer_169,Keyboard,Electronics,2,43.29,86.58
2382,2026-04-16,Customer_639,Desk,Furniture,4,245.12,980.48
2383,2026-04-09,Customer_255,Mouse,Electronics,1,24.36,24.36
2384,2026-05-12,Customer_011,Backpack,Accessories,1,40.86,40.86
2385,2026-03-26,Customer_496,Laptop,Electronics,3,909.04,2727.12
2386,2026-05-31,Customer_635,Mouse,Electronics,4,25.33,101.32
2387,2026-02-22,Customer_409,Backpack,Accessories,1,43.22,43.22
2388,2026-04-07,Customer_521,Keyboard,Electronics,2,46.21,92.42
2389,2026-01-28,Customer_312,Headphones,Electronics,1,87.63,87.63
2390,2026-03-18,Customer_615,Backpack,Accessories,1,46.59,46.59
2391,2026-03-19,Customer_075,Backpack,Accessories,2,42.98,85.96
2392,2026-02-02,Customer_071,Notebook,Stationery,1,8.42,8.42
2393,2026-02-20,Customer_586,Pen,Stationery,3,3.14,9.42
2394,2026-01-05,Customer_221,Headphones,Electronics,2,76.52,153.04
2395,2026-05-20,Customer_004,Phone,Electronics,4,573.94,2295.76
2396,2026-01-25,Customer_215,Phone,Electronics,4,564.18,2256.72
2397,2026-01-09,Customer_573,Keyboard,Electronics,2,47.17,94.34
2398,2026-03-04,Customer_633,Desk,Furniture,2,262.81,525.62
2399,2026-01-04,Customer_425,Phone,Electronics,3,527.09,1581.27
2400,2026-03-21,Customer_588,Mouse,Electronics,1,23.95,23.95
2401,2026-01-01,Customer_167,Backpack,Accessories,1,44.1,44.1
2402,2026-04-01,Customer_686,Backpack,Accessories,2,41.87,83.74
2403,2026-02-18,Customer_446,Office Chair,Furniture,3,177.1,531.3
2404,2026-06-26,Customer_059,Pen,Stationery,4,3.0,12.0
2405,2026-05-10,Customer_561,Notebook,Stationery,4,8.26,33.04
2406,2026-06-08,Customer_367,Notebook,Stationery,4,7.87,31.48
2407,2026-04-08,Customer_689,Backpack,Accessories,4,45.33,181.32
2408,2026-05-23,Customer_539,Mouse,Electronics,4,24.88,99.52
2409,2026-06-07,Customer_420,Headphones,Electronics,2,83.03,166.06
2410,2026-04-24,Customer_503,Laptop,Electronics,4,858.45,3433.8
2411,2026-02-25,Customer_044,Backpack,Accessories,3,41.93,125.79
2412,2026-03-25,Customer_207,Desk,Furniture,4,240.57,962.28
2413,2026-05-29,Customer_145,Phone,Electronics,1,589.36,589.36
2414,2026-06-07,Customer_045,Phone,Electronics,2,509.2,1018.4
2415,2026-04-10,Customer_468,Mouse,Electronics,3,24.86,74.58
2416,2026-01-07,Customer_428,Keyboard,Electronics,4,43.88,175.52
2417,2026-03-10,Customer_055,Backpack,Accessories,4,44.87,179.48
2418,2026-05-02,Customer_394,Backpack,Accessories,2,43.67,87.34
2419,2026-05-08,Customer_691,Keyboard,Electronics,4,41.62,166.48
2420,2026-04-23,Customer_078,Keyboard,Electronics,2,40.85,81.7
2421,2026-01-09,Customer_145,Keyboard,Electronics,2,41.71,83.42
2422,2026-02-21,Customer_445,Notebook,Stationery,2,7.93,15.86
2423,2026-05-27,Customer_484,Phone,Electronics,1,507.31,507.31
2424,2026-04-07,Customer_446,Laptop,Electronics,4,846.09,3384.36
2425,2026-01-10,Customer_095,Office Chair,Furniture,1,194.18,194.18
2426,2026-01-21,Customer_092,Notebook,Stationery,2,8.01,16.02
2427,2026-05-28,Customer_486,Office Chair,Furniture,1,196.52,196.52
2428,2026-04-30,Customer_530,Office Chair,Furniture,1,172.04,172.04
2429,2026-05-08,Customer_193,Headphones,Electronics,2,81.26,162.52
2430,2026-02-09,Customer_323,Pen,Stationery,3,2.91,8.73
2431,2026-02-24,Customer_436,Phone,Electronics,1,546.94,546.94
2432,2026-04-22,Customer_198,Headphones,Electronics,1,81.13,81.13
2433,2026-03-28,Customer_201,Laptop,Electronics,1,902.82,902.82
2434,2026-05-15,Customer_118,Backpack,Accessories,2,48.98,97.96
2435,2026-03-14,Customer_017,Phone,Electronics,3,570.72,1712.16
2436,2026-01-19,Customer_529,Keyboard,Electronics,3,48.3,144.9
2437,2026-03-22,Customer_551,Mouse,Electronics,4,23.35,93.4
2438,2026-06-02,Customer_670,Mouse,Electronics,4,22.8,91.2
2439,2026-02-20,Customer_664,Keyboard,Electronics,2,41.32,82.64
2440,2026-01-12,Customer_210,Laptop,Electronics,2,896.27,1792.54
2441,2026-04-09,Customer_279,Laptop,Electronics,1,823.98,823.98
2442,2026-01-09,Customer_271,Notebook,Stationery,4,8.47,33.88
2443,2026-01-27,Customer_211,Mouse,Electronics,1,23.44,23.44
2444,2026-04-19,Customer_641,Backpack,Accessories,3,41.79,125.37
2445,2026-04-06,Customer_103,Office Chair,Furniture,2,192.41,384.82
2446,2026-06-09,Customer_027,Phone,Electronics,3,510.34,1531.02
2447,2026-03-23,Customer_428,Notebook,Stationery,2,8.68,17.36
2448,2026-06-11,Customer_402,Office Chair,Furniture,3,176.2,528.6
2449,2026-06-28,Customer_547,Phone,Electronics,1,551.54,551.54
2450,2026-06-07,Customer_004,Desk,Furniture,4,241.15,964.6
2451,2026-06-05,Customer_204,Phone,Electronics,3,514.03,1542.09
2452,2026-06-08,Customer_279,Mouse,Electronics,1,22.76,22.76
2453,2026-03-09,Customer_463,Notebook,Stationery,1,7.77,7.77
2454,2026-04-05,Customer_140,Backpack,Accessories,1,46.9,46.9
2455,2026-02-11,Customer_358,Desk,Furniture,2,263.97,527.94
2456,2026-04-18,Customer_122,Laptop,Electronics,4,833.87,3335.48
2457,2026-02-10,Customer_479,Headphones,Electronics,4,78.09,312.36
2458,2026-04-29,Customer_674,Office Chair,Furniture,2,183.46,366.92
2459,2026-02-27,Customer_179,Phone,Electronics,4,570.59,2282.36
2460,2026-03-11,Customer_690,Keyboard,Electronics,2,43.29,86.58
2461,2026-01-03,Customer_214,Office Chair,Furniture,2,166.28,332.56
2462,2026-03-17,Customer_093,Laptop,Electronics,3,808.18,2424.54
2463,2026-03-07,Customer_004,Backpack,Accessories,3,46.94,140.82
2464,2026-02-21,Customer_646,Headphones,Electronics,1,83.56,83.56
2465,2026-05-17,Customer_277,Notebook,Stationery,2,8.76,17.52
2466,2026-01-03,Customer_324,Pen,Stationery,1,2.74,2.74
2467,2026-02-23,Customer_479,Notebook,Stationery,4,7.89,31.56
2468,2026-03-09,Customer_141,Office Chair,Furniture,1,168.58,168.58
2469,2026-04-09,Customer_589,Mouse,Electronics,2,24.15,48.3
2470,2026-06-20,Customer_474,Office Chair,Furniture,3,166.93,500.79
2471,2026-03-08,Customer_227,Backpack,Accessories,4,47.04,188.16
2472,2026-03-25,Customer_615,Desk,Furniture,1,236.26,236.26
2473,2026-06-30,Customer_493,Notebook,Stationery,2,7.45,14.9
2474,2026-02-09,Customer_336,Headphones,Electronics,3,76.17,228.51
2475,2026-01-11,Customer_117,Notebook,Stationery,2,8.21,16.42
2476,2026-06-11,Customer_579,Notebook,Stationery,3,7.57,22.71
2477,2026-03-12,Customer_066,Office Chair,Furniture,1,166.49,166.49
2478,2026-01-20,Customer_441,Phone,Electronics,2,544.08,1088.16
2479,2026-05-20,Customer_551,Laptop,Electronics,1,912.51,912.51
2480,2026-05-05,Customer_091,Office Chair,Furniture,2,191.09,382.18
2481,2026-03-25,Customer_601,Laptop,Electronics,1,849.92,849.92
2482,2026-02-18,Customer_052,Laptop,Electronics,2,902.15,1804.3
2483,2026-05-13,Customer_166,Office Chair,Furniture,1,193.18,193.18
2484,2026-03-05,Customer_650,Backpack,Accessories,3,46.72,140.16
2485,2026-03-23,Customer_087,Laptop,Electronics,4,782.73,3130.92
2486,2026-06-12,Customer_610,Phone,Electronics,2,568.36,1136.72
2487,2026-02-28,Customer_375,Keyboard,Electronics,3,47.95,143.85
2488,2026-01-24,Customer_189,Backpack,Accessories,1,40.94,40.94
2489,2026-05-08,Customer_519,Backpack,Accessories,3,42.84,128.52
2490,2026-02-07,Customer_453,Desk,Furniture,4,255.52,1022.08
2491,2026-05-23,Customer_224,Backpack,Accessories,4,41.51,166.04
2492,2026-05-17,Customer_576,Office Chair,Furniture,1,168.14,168.14
2493,2026-02-08,Customer_003,Notebook,Stationery,4,8.16,32.64
2494,2026-01-11,Customer_097,Office Chair,Furniture,2,164.7,329.4
2495,2026-01-21,Customer_551,Office Chair,Furniture,2,162.78,325.56
2496,2026-06-13,Customer_111,Phone,Electronics,3,566.21,1698.63
2497,2026-04-09,Customer_291,Desk,Furniture,1,270.59,270.59
2498,2026-03-25,Customer_051,Phone,Electronics,2,502.07,1004.14
2499,2026-03-10,Customer_258,Phone,Electronics,4,581.27,2325.08
2500,2026-06-08,Customer_010,Phone,Electronics,4,538.78,2155.12
